timestamp,class,method,args,thread,stack
1759427497179,java.io.FileOutputStream,write,"60,63,120,109,108,32,118,101,114,115,105,111,110,61,39,49,46,48,39,32,101,110,99,111,100,105,110,103,61,39,117,116,102,45,56,39,32,115,116,97,110,100,97,108,111,110,101,61,39,121,101,115,39,32,63,62,10,60,109,97,112,62,10,32,32,32,32,60,108,111,110,103,32,110,97,109,101,61,34,50,100,105,97,108,111,1;0;4875",queued-work-looper,java.io.FileOutputStream.write(Native Method)
1759427498995,android.content.ContentResolver,query,<Java:unserializable>;COUNT(_id);None;None;bucket_display_name,globalQueue,android.content.ContentResolver.query(Native Method)
1759427498998,android.content.ContentResolver,query,<Java:unserializable>;COUNT(_id);<Java:unserializable>;None,globalQueue,android.content.ContentResolver.query(Native Method)
1759427499023,android.content.ContentResolver,query,<Java:unserializable>;COUNT(_id);None;None;bucket_display_name,globalQueue,android.content.ContentResolver.query(Native Method)
1759427499024,android.content.ContentResolver,query,<Java:unserializable>;COUNT(_id);<Java:unserializable>;None,globalQueue,android.content.ContentResolver.query(Native Method)
1759427500105,java.io.FileOutputStream,write,"-1,-40,-1,-32,0,16,74,70,73,70,0,1,1,0,0,1,0,1,0,0,-1,-30,1,-40,73,67,67,95,80,82,79,70,73,76,69,0,1,1,0,0,1,-56,0,0,0,0,4,48,0,0,109,110,116,114,82,71,66,32,88,89,90,32,7,-32,0,1,0,1,0,0,0,0,0,0,97,99,115,112,0,0,0,0,0,0,0,0,0,0,0,0,0,0,0,0,0,0,0,0,0,0,0,0,0,0,0,1,0,0,-10,-42,0,1,0,0,0,0,-45,45,0,0;0;1024",main,java.io.FileOutputStream.write(Native Method)
1759427500112,java.io.FileOutputStream,write,"41,34,65,70,-94,-55,23,-82,-107,55,102,44,91,20,-52,-128,113,82,-49,-72,-28,109,-124,-112,29,-8,126,-61,126,31,-79,87,-4,-23,-3,123,-113,-99,63,-81,115,-52,-3,21,-3,-124,-20,-53,67,126,31,-80,-33,-121,-20,85,-1,0,58,127,94,-29,-25,79,-21,-36,58,43,-5,6,-52,-76,55,-31,-5,13,-24,103,-9,34,-81,-7,-45,-;0;1024",main,java.io.FileOutputStream.write(Native Method)
1759427500117,java.io.FileOutputStream,write,"-78,-25,121,-48,-114,124,12,69,108,-53,39,18,42,20,36,-115,-104,0,89,40,-14,120,0,-108,87,32,0,0,0,6,31,-64,-72,126,72,-108,-31,95,-56,-121,-87,121,-36,-34,4,125,10,51,10,-2,68,61,75,-50,-26,-16,35,-24,67,95,39,121,-115,-6,81,-76,0,11,31,60,-98,0,37,21,-56,0,0,0,1,-121,-16,46,31,-110,37,56,87,-14,33;0;110",main,java.io.FileOutputStream.write(Native Method)
1759427504113,java.io.FileOutputStream,write,"-1,-40,-1,-32,0,16,74,70,73,70,0,1,1,0,0,1,0,1,0,0,-1,-30,1,-40,73,67,67,95,80,82,79,70,73,76,69,0,1,1,0,0,1,-56,0,0,0,0,4,48,0,0,109,110,116,114,82,71,66,32,88,89,90,32,7,-32,0,1,0,1,0,0,0,0,0,0,97,99,115,112,0,0,0,0,0,0,0,0,0,0,0,0,0,0,0,0,0,0,0,0,0,0,0,0,0,0,0,1,0,0,-10,-42,0,1,0,0,0,0,-45,45,0,0;0;1024",main,java.io.FileOutputStream.write(Native Method)
1759427504121,java.io.FileOutputStream,write,"121,-100,-40,-71,-10,-7,-40,12,104,49,21,-76,27,35,-104,-47,-97,-35,56,-38,113,47,40,5,48,66,-108,88,-25,95,22,34,-67,-42,13,22,91,105,-55,60,-121,50,119,14,62,-13,-79,-120,-23,84,53,51,61,90,-107,-33,-69,-69,75,9,-114,88,-112,-20,120,-14,-56,-21,-35,-64,-37,35,32,92,72,65,-53,104,-18,-38,115,-33,-5;0;1024",main,java.io.FileOutputStream.write(Native Method)
1759427504127,java.io.FileOutputStream,write,"-116,-108,-87,-123,13,-69,-66,85,-19,-96,123,-49,-97,-97,47,-29,-54,41,-92,99,25,56,-51,12,68,65,90,-123,59,90,107,-69,-68,-118,121,11,49,-98,-66,-31,-60,10,72,93,88,-75,123,-63,-49,47,-39,-115,-87,-23,105,-87,104,-79,-46,-87,101,41,106,-122,-52,-112,-80,95,-53,62,20,-73,-52,-27,-19,28,-50,67,65,74,;0;1024",main,java.io.FileOutputStream.write(Native Method)
1759427504133,java.io.FileOutputStream,write,"-107,-71,-23,-8,65,42,114,-27,-123,111,4,43,119,123,86,106,-38,-102,-2,26,58,57,56,-111,50,84,-71,-118,27,-91,105,74,-120,-47,-37,-36,-10,12,54,-69,-15,60,-91,-35,16,-83,40,10,57,16,98,32,-46,-121,-4,127,126,111,111,-37,-61,26,74,76,68,74,-70,-92,-92,-19,2,-18,-97,-14,25,-45,126,123,-71,102,-54,52,1;0;1024",main,java.io.FileOutputStream.write(Native Method)
1759427504138,java.io.FileOutputStream,write,"-122,-21,-82,-16,-10,-56,-56,26,-119,14,-112,58,21,-101,-121,127,-12,-123,126,43,21,92,-55,33,104,-69,-47,51,22,108,108,41,33,73,73,-121,16,108,-80,73,-53,127,112,-74,104,-8,-114,-8,-108,-61,93,36,72,67,-70,110,-116,36,-101,-108,-95,72,2,49,-126,-104,101,68,36,-92,-98,-54,3,18,92,-25,-98,121,91,80,-;0;1024",main,java.io.FileOutputStream.write(Native Method)
1759427504144,java.io.FileOutputStream,write,"28,-28,89,-67,125,115,-117,97,-128,-59,-112,72,-112,-78,3,-71,2,-52,-50,-4,-97,-77,22,-51,-23,33,11,31,66,-121,45,-47,-36,-80,-62,119,-108,-80,2,98,98,47,-4,94,-68,-91,-54,-56,82,1,37,-3,-16,23,-4,-37,-124,-16,-68,33,-125,-15,-115,-44,111,-116,91,16,117,48,-81,-124,65,76,100,34,49,125,-107,-11,-54,3;0;1024",main,java.io.FileOutputStream.write(Native Method)
1759427504149,java.io.FileOutputStream,write,"-98,-8,118,-61,-27,113,38,37,-95,-94,12,-54,-65,-67,32,109,18,106,28,-88,51,-22,125,119,70,-29,-12,10,12,40,-112,-66,101,121,42,-101,67,-63,-128,1,-66,-102,-37,95,-58,65,4,-24,-12,-13,103,110,94,-106,105,22,0,32,-106,-52,62,-103,22,-81,-107,124,-63,-77,99,104,-30,-123,-26,111,104,-9,22,-17,-16,-48,-;0;1024",main,java.io.FileOutputStream.write(Native Method)
1759427504154,java.io.FileOutputStream,write,"-120,-87,48,-76,18,-28,108,-66,-13,-109,54,-5,25,50,112,-85,2,-91,20,21,47,-62,-97,-53,-117,-104,-33,-49,-100,63,-33,-53,59,61,120,120,92,68,-83,24,-17,14,79,36,24,51,-48,92,-75,54,-45,-65,70,57,101,103,-23,-66,100,35,37,-31,-52,-63,83,-92,100,-79,80,-51,74,-25,-29,108,-97,126,116,41,-117,-82,114,-9;0;1024",main,java.io.FileOutputStream.write(Native Method)
1759427504165,java.io.FileOutputStream,write,"6,98,36,68,39,66,-94,-81,121,126,5,45,57,-72,-2,39,111,3,18,26,39,66,-74,1,27,85,108,-101,120,62,-70,-8,5,91,63,16,-121,40,36,-115,65,-75,-113,-31,-49,42,-104,60,-68,124,-91,-97,-85,-24,52,7,123,59,103,-22,-59,-4,98,-21,-60,-99,2,92,19,-94,33,76,-92,26,-18,64,-81,-109,111,-51,-120,-74,125,-60,-33,11;0;1024",main,java.io.FileOutputStream.write(Native Method)
1759427504174,java.io.FileOutputStream,write,"-18,60,9,-5,105,102,-119,-106,42,83,-79,57,56,1,-34,-102,51,-25,-5,85,-19,63,-45,73,83,-123,32,40,26,-71,25,-46,-41,54,-49,-125,114,-113,-51,-102,-126,-23,81,26,17,74,-47,-84,89,-99,-68,-6,-20,-68,61,-15,87,59,44,-88,112,-17,36,-86,50,64,98,-94,116,29,-60,23,-50,-95,-73,27,95,56,119,-30,27,8,-33,-10;0;844",main,java.io.FileOutputStream.write(Native Method)
1759427504315,java.io.FileOutputStream,write,"60,63,120,109,108,32,118,101,114,115,105,111,110,61,39,49,46,48,39,32,101,110,99,111,100,105,110,103,61,39,117,116,102,45,56,39,32,115,116,97,110,100,97,108,111,110,101,61,39,121,101,115,39,32,63,62,10,60,109,97,112,62,10,32,32,32,32,60,108,111,110,103,32,110,97,109,101,61,34,50,100,105,97,108,111,1;0;4875",queued-work-looper,java.io.FileOutputStream.write(Native Method)
1759427507603,java.io.FileOutputStream,write,"60,63,120,109,108,32,118,101,114,115,105,111,110,61,39,49,46,48,39,32,101,110,99,111,100,105,110,103,61,39,117,116,102,45,56,39,32,115,116,97,110,100,97,108,111,110,101,61,39,121,101,115,39,32,63,62,10,60,109,97,112,62,10,32,32,32,32,60,108,111,110,103,32,110,97,109,101,61,34,50,100,105,97,108,111,1;0;4875",queued-work-looper,java.io.FileOutputStream.write(Native Method)
1759427507641,java.io.FileOutputStream,write,"60,63,120,109,108,32,118,101,114,115,105,111,110,61,39,49,46,48,39,32,101,110,99,111,100,105,110,103,61,39,117,116,102,45,56,39,32,115,116,97,110,100,97,108,111,110,101,61,39,121,101,115,39,32,63,62,10,60,109,97,112,62,10,32,32,32,32,60,98,111,111,108,101,97,110,32,110,97,109,101,61,34,115,116,111,1;0;15559",queued-work-looper,java.io.FileOutputStream.write(Native Method)
1759427508229,java.io.FileInputStream,read,"0,0,0,0,0,0,0,0,0,0,0,0,0,0,0,0,0,0,0,0,0,0,0,0,0,0,0,0,0,0,0,0,0,0,0,0,0,0,0,0,0,0,0,0,0,0,0,0,0,0,0,0,0,0,0,0,0,0,0,0,0,0,0,0,0,0,0,0,0,0,0,0,0,0,0,0,0,0,0,0,0,0,0,0,0,0,0,0,0,0,0,0,0,0,0,0,0,0,0,0,0,0,0,0,0,0,0,0,0,0,0,0,0,0,0,0,0,0,0,0,0,0,0,0,0,0,0,0,0,0,0,0,0,0,0,0,0,0,0,0,0,0,0,0,0,0,0,0,0,0,;0;32",pool-14-thread-1,java.io.FileInputStream.read(Native Method)
1759427508251,java.io.FileInputStream,read,"-1,-40,-1,-32,0,16,74,70,73,70,0,1,1,0,0,1,0,1,0,0,-1,-30,1,-40,73,67,67,95,80,82,79,70,0,0,0,0,0,0,0,0,0,0,0,0,0,0,0,0,0,0,0,0,0,0,0,0,0,0,0,0,0,0,0,0,0,0,0,0,0,0,0,0,0,0,0,0,0,0,0,0,0,0,0,0,0,0,0,0,0,0,0,0,0,0,0,0,0,0,0,0,0,0,0,0,0,0,0,0,0,0,0,0,0,0,0,0,0,0,0,0,0,0,0,0,0,0,0,0,0,0,0,0,0,0,0,0,0,0,;0;992",pool-14-thread-1,java.io.FileInputStream.read(Native Method)
1759427508270,java.io.FileInputStream,read,"0,0,0,0,0,0,0,0,0,0,0,0,0,0,0,0,0,0,0,0,0,0,0,0,0,0,0,0,0,0,0,0,0,0,0,0,0,0,0,0,0,0,0,0,0,0,0,0,0,0,0,0,0,0,0,0,0,0,0,0,0,0,0,0,0,0,0,0,0,0,0,0,0,0,0,0,0,0,0,0,0,0,0,0,0,0,0,0,0,0,0,0,0,0,0,0,0,0,0,0,0,0,0,0,0,0,0,0,0,0,0,0,0,0,0,0,0,0,0,0,0,0,0,0,0,0,0,0,0,0,0,0,0,0,0,0,0,0,0,0,0,0,0,0,0,0,0,0,0,0,;0;32",pool-14-thread-1,java.io.FileInputStream.read(Native Method)
1759427508287,java.io.FileInputStream,read,"-1,-40,-1,-32,0,16,74,70,73,70,0,1,1,0,0,1,0,1,0,0,-1,-30,1,-40,73,67,67,95,80,82,79,70,0,0,0,0,0,0,0,0,0,0,0,0,0,0,0,0,0,0,0,0,0,0,0,0,0,0,0,0,0,0,0,0,0,0,0,0,0,0,0,0,0,0,0,0,0,0,0,0,0,0,0,0,0,0,0,0,0,0,0,0,0,0,0,0,0,0,0,0,0,0,0,0,0,0,0,0,0,0,0,0,0,0,0,0,0,0,0,0,0,0,0,0,0,0,0,0,0,0,0,0,0,0,0,0,0,0,;0;992",pool-14-thread-1,java.io.FileInputStream.read(Native Method)
1759427508305,java.io.FileInputStream,read,"0,0,0,0,0,0,0,0,0,0,0,0,0,0,0,0,0,0,0,0,0,0,0,0,0,0,0,0,0,0,0,0,0,0,0,0,0,0,0,0,0,0,0,0,0,0,0,0,0,0,0,0,0,0,0,0,0,0,0,0,0,0,0,0,0,0,0,0,0,0,0,0,0,0,0,0,0,0,0,0,0,0,0,0,0,0,0,0,0,0,0,0,0,0,0,0,0,0,0,0,0,0,0,0,0,0,0,0,0,0,0,0,0,0,0,0,0,0,0,0,0,0,0,0,0,0,0,0,0,0,0,0,0,0,0,0,0,0,0,0,0,0,0,0,0,0,0,0,0,0,;0;32",pool-14-thread-1,java.io.FileInputStream.read(Native Method)
1759427508323,java.io.FileInputStream,read,"-1,-40,-1,-32,0,16,74,70,73,70,0,1,1,0,0,1,0,1,0,0,-1,-30,1,-40,73,67,67,95,80,82,79,70,0,0,0,0,0,0,0,0,0,0,0,0,0,0,0,0,0,0,0,0,0,0,0,0,0,0,0,0,0,0,0,0,0,0,0,0,0,0,0,0,0,0,0,0,0,0,0,0,0,0,0,0,0,0,0,0,0,0,0,0,0,0,0,0,0,0,0,0,0,0,0,0,0,0,0,0,0,0,0,0,0,0,0,0,0,0,0,0,0,0,0,0,0,0,0,0,0,0,0,0,0,0,0,0,0,0,;0;992",pool-14-thread-1,java.io.FileInputStream.read(Native Method)
1759427508340,java.io.FileInputStream,read,"73,76,69,0,1,1,0,0,1,-56,0,0,0,0,4,48,0,0,109,110,116,114,82,71,66,32,88,89,90,32,7,-32,0,1,0,1,0,0,0,0,0,0,97,99,115,112,0,0,0,0,0,0,0,0,0,0,0,0,0,0,0,0,0,0,0,0,0,0,0,0,0,0,0,1,0,0,-10,-42,0,1,0,0,0,0,-45,45,0,0,0,0,0,0,0,0,0,0,0,0,0,0,0,0,0,0,0,0,0,0,0,0,0,0,0,0,0,0,0,0,0,0,0,0,0,0,0,0,0,0,0,0,0,0;0;1024",pool-14-thread-1,java.io.FileInputStream.read(Native Method)
1759427508357,java.io.FileInputStream,read,"37,-78,-42,-86,-2,108,-106,-117,-49,-30,-106,-85,110,-29,90,79,20,88,102,79,20,88,68,121,56,-32,1,-128,0,0,0,0,0,0,0,0,0,0,0,0,0,0,0,0,0,0,0,0,0,0,0,0,0,0,0,0,0,0,0,0,0,0,0,0,0,0,0,0,0,0,0,0,0,0,0,0,0,0,0,0,0,0,0,0,9,30,-45,79,71,-100,-45,-47,25,120,-4,-110,-111,-80,-18,64,3,67,112,0,0,0,0,0,0,0,0,0;0;1024",pool-14-thread-1,java.io.FileInputStream.read(Native Method)
1759427508374,java.io.FileInputStream,read,"85,-116,52,44,-92,-30,44,-92,-30,111,-38,-92,100,64,-75,72,-56,-127,-79,-41,-116,26,-118,-79,-122,-123,-108,-100,69,-108,-100,77,-5,84,-116,-120,22,-87,25,16,54,58,-15,-125,81,86,48,-48,-78,-109,-120,-78,-109,-119,-65,106,-111,-111,2,-43,35,34,6,-57,94,48,106,42,-58,26,22,82,113,22,82,113,55,-19,82,;0;1024",pool-14-thread-1,java.io.FileInputStream.read(Native Method)
1759427508391,java.io.FileInputStream,read,"0,0,0,0,0,0,0,0,0,0,0,0,0,0,0,0,0,0,0,0,0,0,0,0,0,0,0,0,0,0,0,0,0,0,0,0,0,0,0,0,0,0,0,0,0,0,0,0,0,0,0,0,0,0,0,0,0,0,0,0,0,0,0,0,0,0,0,0,0,0,0,0,0,0,0,0,0,0,0,0,0,0,0,0,0,0,0,0,0,0,0,0,0,0,0,0,0,0,0,0,0,0,0,0,0,0,0,0,0,0,0,0,0,0,0,0,0,0,0,0,0,0,0,0,0,0,0,0,0,0,0,0,0,0,0,0,0,0,0,0,0,0,0,0,0,0,0,0,0,0,;0;1024",pool-14-thread-1,java.io.FileInputStream.read(Native Method)
1759427508410,java.io.FileInputStream,read,"0,0,0,0,0,0,0,0,0,0,0,0,0,0,0,0,0,0,0,0,0,0,0,0,0,0,0,0,0,0,0,0,0,0,0,0,0,0,0,0,0,0,0,0,0,0,0,0,0,0,0,0,0,0,0,0,0,0,0,0,0,0,0,0,0,0,0,0,0,0,0,0,0,0,0,0,0,0,0,0,0,0,0,0,0,0,0,0,0,0,0,0,0,0,0,0,0,0,0,0,0,0,0,0,0,0,0,0,0,0,0,0,0,0,0,0,0,0,0,0,0,0,0,0,0,0,0,0,0,0,0,0,0,0,0,0,0,0,0,0,0,0,0,0,0,0,0,0,0,0,;0;1024",pool-14-thread-1,java.io.FileInputStream.read(Native Method)
1759427508427,java.io.FileInputStream,read,"0,0,0,0,0,0,0,0,0,0,0,0,0,0,0,0,0,0,0,0,0,0,0,0,0,0,0,0,0,0,0,0,0,0,0,0,0,0,0,0,0,0,0,0,0,0,0,0,0,0,0,0,0,0,0,0,0,0,0,0,0,0,0,0,0,0,0,0,0,0,0,0,0,0,0,0,0,0,0,0,0,0,0,0,0,0,0,0,0,0,0,0,0,0,0,0,0,0,0,0,0,0,0,0,0,0,0,0,0,0,0,0,0,0,0,0,0,0,0,0,0,0,0,0,0,0,0,0,0,0,0,0,0,0,0,0,0,0,0,0,0,0,0,0,0,0,0,0,0,0,;0;1024",pool-14-thread-1,java.io.FileInputStream.read(Native Method)
1759427508445,java.io.FileInputStream,read,"-105,108,50,59,90,92,7,1,-66,111,-98,-2,81,-48,-50,-35,-69,97,-111,-38,93,-80,-56,-19,105,112,28,6,-7,-66,123,-7,71,67,59,118,-19,-122,71,105,118,-61,35,-75,-91,-64,112,27,-26,-7,-17,-27,29,12,-19,-37,-74,25,29,-91,-37,12,-114,-42,-105,1,-64,111,-101,-25,-65,-108,116,51,-73,110,-40,100,118,-105,108,;0;1024",pool-14-thread-1,java.io.FileInputStream.read(Native Method)
1759427508463,java.io.FileInputStream,read,"-42,85,-119,-83,-81,22,-3,-16,-26,-69,-37,11,-31,-51,119,-74,52,3,89,86,38,-74,-68,91,-9,-61,-102,-17,108,47,-121,53,-34,-40,-48,13,101,88,-102,-38,-15,111,-33,14,107,-67,-80,-66,28,-41,123,99,64,53,-107,98,107,107,-59,-65,124,57,-82,-10,-62,-8,115,93,-19,-115,0,-42,85,-119,-83,-81,22,-3,-16,-26,-69;0;1024",pool-14-thread-1,java.io.FileInputStream.read(Native Method)
1759427508480,java.io.FileInputStream,read,"107,-126,3,-67,-123,-12,-26,123,-95,-101,-3,-90,23,-45,-103,-18,-122,111,-10,-72,32,59,-40,95,78,103,-70,25,-65,-38,97,125,57,-98,-24,102,-1,0,107,-126,3,-67,-123,-12,-26,123,-95,-101,-3,-87,-42,-31,105,42,-82,-109,-94,39,-89,-22,-23,-37,100,-28,-103,-7,82,33,27,24,73,-32,-124,33,31,-6,-124,21,58,-5;0;1024",pool-14-thread-1,java.io.FileInputStream.read(Native Method)
1759427508497,java.io.FileInputStream,read,"92,-18,62,-61,-2,69,119,-10,-43,-1,0,81,-44,-46,116,-121,54,-21,-99,-57,-40,-60,106,-55,-50,14,30,-58,63,-28,55,105,-12,-49,46,-90,-109,-89,91,-115,-106,-75,73,59,25,-55,49,-116,99,94,-77,101,47,117,-68,83,121,-77,-117,90,123,37,-104,0,116,0,0,0,0,0,0,0,0,0,0,0,0,0,0,0,0,0,0,0,0,0,0,0,0,0,0,0,0,0,-7;0;1024",pool-14-thread-1,java.io.FileInputStream.read(Native Method)
1759427508515,java.io.FileInputStream,read,"49,87,85,22,-71,-55,83,-15,-105,8,90,-29,43,-126,48,-109,15,-6,-124,80,-58,100,-15,-93,50,-60,103,-71,-41,-61,-26,5,-85,-123,84,54,123,-95,-100,-44,97,85,13,-98,-24,103,53,42,-74,84,109,8,97,105,-31,85,13,-98,-24,103,53,24,85,67,103,-70,25,-51,74,-80,52,32,90,120,85,67,103,-70,25,-51,70,21,80,-39,-1;0;1024",pool-14-thread-1,java.io.FileInputStream.read(Native Method)
1759427508532,java.io.FileInputStream,read,"-128,25,98,1,0,78,55,-76,-29,-92,-70,47,-42,-101,-95,27,-38,113,-46,93,23,-21,77,-41,-4,-121,-32,-88,-29,-14,-112,-80,-4,112,0,-106,109,0,1,41,-95,57,50,103,-46,-10,-59,22,74,104,78,76,-103,-12,-67,-79,6,-16,12,0,0,0,0,0,0,0,0,0,0,0,0,0,0,0,0,0,0,0,0,0,0,0,0,15,-107,-64,67,107,-86,-60,-39,-84,-16,0,;0;1024",pool-14-thread-1,java.io.FileInputStream.read(Native Method)
1759427508549,java.io.FileInputStream,read,"0,0,0,0,0,0,0,0,0,0,0,0,0,0,0,0,0,0,0,0,0,0,0,7,-54,-32,32,-101,-128,0,0,0,0,0,0,0,0,0,0,0,0,0,0,0,0,0,0,0,0,0,0,0,0,0,0,0,0,0,0,0,0,0,0,0,0,0,0,0,0,0,0,0,0,0,0,0,0,0,0,0,0,0,0,0,0,0,0,0,0,0,0,0,0,0,0,0,0,19,-99,-20,-2,-110,-24,-65,90,112,-125,-17,103,-12,-105,69,-6,-45,-124,-67,-37,-15,-61,93,93,-9;0;1024",pool-14-thread-1,java.io.FileInputStream.read(Native Method)
1759427508567,java.io.FileInputStream,read,"104,3,-21,52,119,97,39,0,15,64,0,55,-88,78,83,-103,-4,125,-111,74,81,106,19,-108,-26,127,31,100,82,-112,0,96,0,0,0,0,0,0,0,0,0,0,0,0,0,7,-54,-32,32,-101,-128,0,0,0,0,0,0,0,0,0,0,0,0,0,0,0,0,0,0,0,0,0,0,0,0,0,0,0,0,0,0,0,0,0,0,0,0,0,0,0,0,0,0,0,0,0,0,0,0,0,0,0,0,0,0,0,0,0,0,0,0,0,0,0,0,0,0,0,1,-127,5;0;1024",pool-14-thread-1,java.io.FileInputStream.read(Native Method)
1759427508584,java.io.FileInputStream,read,"39,-105,80,3,106,-92,-33,-9,124,39,-105,80,3,106,-92,-33,-9,124,39,-105,80,3,106,-92,-33,-9,124,39,-105,80,3,106,-92,-33,-9,124,39,-105,80,25,-84,-47,109,-108,44,-20,-77,103,-119,116,-35,-14,-83,-115,-29,62,-116,118,48,51,88,-84,-45,-67,-84,-80,-98,93,93,27,93,12,12,-42,43,27,-38,-53,9,-27,-44,-38,-;0;1024",pool-14-thread-1,java.io.FileInputStream.read(Native Method)
1759427508601,java.io.FileInputStream,read,"29,77,-101,-52,117,112,46,58,-101,55,-104,-22,-32,8,104,-103,92,117,54,111,49,-43,-64,-72,-22,108,-34,99,-85,-128,33,-94,101,113,-44,-39,-68,-57,87,2,-29,-87,-77,121,-114,-82,0,-122,-65,80,-30,76,46,58,-101,55,-104,-22,-32,-104,-34,-118,55,-59,-43,31,83,35,82,54,-1,0,86,109,20,-58,73,-11,112,83,-30,;0;1024",pool-14-thread-1,java.io.FileInputStream.read(Native Method)
1759427508618,java.io.FileInputStream,read,"57,52,-28,0,-35,-9,127,111,57,52,-28,0,-35,-9,127,111,57,52,-28,0,-35,-9,127,111,57,52,-28,0,-35,-9,127,111,57,52,-28,0,-35,-9,127,111,57,52,-28,0,-35,-9,127,111,57,52,-28,0,-35,-9,127,111,57,52,-28,1,-104,-55,-9,120,-100,-6,60,-27,-102,107,-100,-16,0,-33,25,82,-13,17,-101,75,-108,38,-30,34,98,0,13,;0;1024",pool-14-thread-1,java.io.FileInputStream.read(Native Method)
1759427508636,java.io.FileInputStream,read,"0,0,0,0,0,0,0,0,0,0,0,0,0,0,0,0,0,0,0,0,0,0,0,0,0,0,0,0,0,0,0,0,0,0,1,24,73,-47,-122,-21,31,52,-90,77,-11,0,55,-91,64,0,0,0,0,0,0,0,0,0,0,0,0,0,0,0,0,0,-98,-58,99,-74,0,17,94,105,-54,123,32,0,122,0,4,-125,112,94,22,84,61,39,-61,-108,-73,-43,6,-32,-68,44,-88,122,79,-121,41,111,-128,0,0,0,0,0,0,0,0,0,;0;1024",pool-14-thread-1,java.io.FileInputStream.read(Native Method)
1759427508653,java.io.FileInputStream,read,"-23,80,0,0,0,0,0,0,0,0,0,0,0,0,0,0,0,0,0,39,-79,-104,-19,-128,4,87,-102,114,-98,-56,0,30,-128,1,32,-36,23,-123,-107,15,73,-16,-27,45,-11,65,-72,47,11,42,30,-109,-31,-54,91,-32,0,0,0,0,0,0,0,0,0,0,0,0,0,0,0,-7,11,-27,-69,-20,-1,0,-25,63,-84,-7,110,-5,63,-7,-49,-21,83,34,-26,-42,-71,-66,91,-66,-49,-2,;0;1024",pool-14-thread-1,java.io.FileInputStream.read(Native Method)
1759427508670,java.io.FileInputStream,read,"-88,127,-99,59,-9,65,-51,116,-88,127,-99,59,-9,65,-86,-37,-71,46,91,-25,-30,-105,78,60,76,51,30,38,28,8,64,6,89,0,5,-5,-67,127,-128,-44,103,75,-15,101,37,72,-82,-11,-2,3,81,-99,47,-59,-108,-107,34,-83,59,-13,-3,-96,-19,-65,37,95,-36,-128,60,53,-128,0,-116,36,-24,-61,117,-113,-102,83,38,-6,-128,27,-4;0;1024",pool-14-thread-1,java.io.FileInputStream.read(Native Method)
1759427508687,java.io.FileInputStream,read,"0,-60,-10,0,52,-43,111,77,51,-103,-45,103,117,-82,-70,116,-94,64,30,118,-102,94,-10,42,-15,-128,3,105,-92,-40,-85,-58,0,13,-90,-109,98,-81,24,0,54,-102,77,-118,-68,96,0,-38,105,54,42,-15,-128,3,105,-89,-80,-117,-99,113,57,-13,-128,56,-69,127,116,-100,103,-113,-38,64,6,64,1,32,-36,23,-123,-107,15,73,;0;1024",pool-14-thread-1,java.io.FileInputStream.read(Native Method)
1759427508705,java.io.FileInputStream,read,"-102,-11,-91,74,-121,-3,70,10,-31,111,-18,11,-63,58,-121,-92,-8,-110,-128,-64,-22,11,48,-45,78,126,-29,3,-88,44,-61,77,57,-5,-110,0,17,-4,14,-96,-77,13,52,-25,-18,48,58,-126,-52,52,-45,-97,-71,32,1,31,-64,-22,11,48,-45,78,126,-29,3,-88,44,-61,77,57,-5,-110,0,17,-4,14,-96,-77,13,52,-25,-18,48,58,-126;0;1024",pool-14-thread-1,java.io.FileInputStream.read(Native Method)
1759427508722,java.io.FileInputStream,read,"-112,125,124,62,-42,44,-125,-21,-31,-10,0,-79,44,64,0,0,0,0,0,0,0,0,-90,101,95,21,87,15,-120,82,-14,-81,-118,-85,-121,-60,0,35,-47,-32,0,44,45,-54,-14,13,75,-23,123,-15,87,-85,11,114,-68,-125,82,-6,94,-4,65,-43,0,0,0,0,-126,59,97,-15,-84,88,125,101,-126,-69,-98,-15,21,19,-22,115,122,-116,21,-36,-9,-;0;1024",pool-14-thread-1,java.io.FileInputStream.read(Native Method)
1759427508739,java.io.FileInputStream,read,"42,-75,-79,14,35,91,54,125,-119,-20,-119,99,77,-90,-98,127,-2,125,-65,21,-91,21,-91,63,97,-75,84,-97,-40,-24,-58,95,-118,-46,-118,-46,-97,-80,-38,-86,54,58,49,-105,-30,-76,-94,-76,-89,-20,54,-86,-115,-114,-116,101,-8,-83,40,-83,41,-5,13,-86,-93,99,-93,25,126,43,74,43,74,126,-61,106,-88,-40,-24,-58,9;0;1024",pool-14-thread-1,java.io.FileInputStream.read(Native Method)
1759427508756,java.io.FileInputStream,read,"0,0,0,0,0,0,0,0,0,5,80,-75,-43,66,-61,-112,125,124,62,-42,44,-125,-21,-31,-10,0,-79,44,64,0,0,0,0,0,0,0,0,-90,101,95,21,87,15,-120,82,-14,-81,-118,-85,-121,-60,0,35,-47,-32,0,44,45,-54,-14,13,75,-23,123,-15,87,-85,11,114,-68,-125,82,-6,94,-4,65,-43,0,0,0,0,0,0,0,0,0,0,0,0,0,0,0,0,0,0,0,0,0,0,0,0,91,;0;1024",pool-14-thread-1,java.io.FileInputStream.read(Native Method)
1759427508773,java.io.FileInputStream,read,"0,0,0,5,78,3,-95,-13,112,0,0,0,0,0,0,0,0,0,0,0,0,0,0,0,0,0,1,84,45,117,80,-80,-28,31,95,15,-75,-117,32,-6,-8,125,-128,44,75,16,0,0,0,0,0,0,0,0,41,-103,87,-59,85,-61,-30,20,-68,-85,-30,-86,-31,-15,0,8,-12,120,0,11,11,114,-68,-125,82,-6,94,-4,85,-22,-62,-36,-81,32,-44,-66,-105,-65,16,117,64,0,0,0,0,0,;0;1024",pool-14-thread-1,java.io.FileInputStream.read(Native Method)
1759427508791,java.io.FileInputStream,read,"0,0,0,0,0,0,0,0,0,0,0,0,0,0,0,0,0,0,0,0,0,0,0,-96,0,74,-96,0,0,0,0,0,0,0,0,0,0,0,0,0,0,0,0,0,0,0,0,0,0,0,0,0,0,0,0,0,0,0,0,0,0,0,0,0,0,0,0,0,0,0,0,0,0,0,0,0,0,0,0,0,0,0,0,0,0,0,95,-22,1,127,-71,47,94,78,-5,-113,-104,3,-107,32,0,0,0,0,0,0,0,0,0,0,0,0,0,0,0,0,0,0,0,0,0,0,0,0,0,0,0,0,0,0,0,0,0,0,0,0,0,;0;1024",pool-14-thread-1,java.io.FileInputStream.read(Native Method)
1759427508808,java.io.FileInputStream,read,"-104,3,-107,32,0,0,0,0,0,0,0,0,0,0,0,0,0,0,0,0,0,0,0,0,0,0,0,0,0,0,0,0,0,0,0,0,0,0,0,0,0,0,0,-96,0,74,-96,0,0,0,0,0,0,0,0,0,0,0,0,0,0,0,0,0,0,0,0,0,0,0,0,0,0,0,0,0,0,0,0,0,0,0,0,0,0,0,0,0,0,0,0,0,0,0,0,0,0,0,0,0,0,0,0,0,0,0,95,-22,1,127,-71,47,94,78,-5,-113,-104,3,-107,32,0,0,0,0,0,0,0,0,0,0,0,0,0,0;0;515",pool-14-thread-1,java.io.FileInputStream.read(Native Method)
1759427509028,android.hardware.Camera,open,0,pool-27-thread-1,android.hardware.Camera.open(Native Method)
1759427509032,android.hardware.Camera,open,0;<Java:unserializable>;1,pool-27-thread-1,android.hardware.Camera.open(Native Method)
1759427511920,java.io.FileOutputStream,write,"-1,-40,-1,-32,0,16,74,70,73,70,0,1,1,0,0,1,0,1,0,0,-1,-30,1,-40,73,67,67,95,80,82,79,70,73,76,69,0,1,1,0,0,1,-56,0,0,0,0,4,48,0,0,109,110,116,114,82,71,66,32,88,89,90,32,7,-32,0,1,0,1,0,0,0,0,0,0,97,99,115,112,0,0,0,0,0,0,0,0,0,0,0,0,0,0,0,0,0,0,0,0,0,0,0,0,0,0,0,1,0,0,-10,-42,0,1,0,0,0,0,-45,45,0,0;0;1024",main,java.io.FileOutputStream.write(Native Method)
1759427511927,java.io.FileOutputStream,write,"115,40,66,18,-31,-100,125,99,-43,19,79,59,67,-98,123,-18,-82,43,29,87,62,6,-105,31,101,-50,22,-103,58,121,-102,-29,-70,-77,-19,58,-83,-108,-47,53,-91,-34,-53,35,-11,38,55,83,93,52,70,87,92,-41,-108,91,92,109,-35,28,109,-35,87,31,90,-77,-28,-113,-83,89,-14,84,47,99,127,-24,95,-106,69,-113,-58,-35,-42;0;993",main,java.io.FileOutputStream.write(Native Method)
1759427511953,java.io.FileInputStream,read,"0,0,0,0,0,0,0,0,0,0,0,0,0,0,0,0,0,0,0,0,0,0,0,0,0,0,0,0,0,0,0,0,0,0,0,0,0,0,0,0,0,0,0,0,0,0,0,0,0,0,0,0,0,0,0,0,0,0,0,0,0,0,0,0,0,0,0,0,0,0,0,0,0,0,0,0,0,0,0,0,0,0,0,0,0,0,0,0,0,0,0,0,0,0,0,0,0,0,0,0,0,0,0,0,0,0,0,0,0,0,0,0,0,0,0,0,0,0,0,0,0,0,0,0,0,0,0,0,0,0,0,0,0,0,0,0,0,0,0,0,0,0,0,0,0,0,0,0,0,0,;0;5000",pool-21-thread-3,java.io.FileInputStream.read(Native Method)
1759427511963,java.io.FileOutputStream,write,"-1,-40,-1,-32,0,16,74,70,73,70,0,1,1,0,0,1,0,1,0,0,-1,-30,1,-40,73,67,67,95,80,82,79,70,73,76,69,0,1,1,0,0,1,-56,0,0,0,0,4,48,0,0,109,110,116,114,82,71,66,32,88,89,90,32,7,-32,0,1,0,1,0,0,0,0,0,0,97,99,115,112,0,0,0,0,0,0,0,0,0,0,0,0,0,0,0,0,0,0,0,0,0,0,0,0,0,0,0,1,0,0,-10,-42,0,1,0,0,0,0,-45,45,0,0;0;1024",pool-21-thread-3,java.io.FileOutputStream.write(Native Method)
1759427511969,java.io.FileOutputStream,write,"-30,-48,26,68,-90,-119,60,-53,-50,67,-18,108,30,116,-44,34,-50,-82,120,57,75,-78,-43,28,-122,-50,118,-97,-42,110,-106,-25,8,-25,121,-42,2,-7,-36,-42,70,-10,7,-53,-84,87,101,-82,3,115,124,-74,-24,-93,107,-61,-29,24,-116,59,36,-60,107,-112,66,124,93,115,112,-14,-27,94,104,-34,-56,-98,-34,-18,92,-84,-6;0;927",pool-21-thread-3,java.io.FileOutputStream.write(Native Method)
1759427511978,java.io.FileOutputStream,write,"-1,-40,-1,-32,0,16,74,70,73,70,0,1,1,0,0,1,0,1,0,0,-1,-30,1,-40,73,67,67,95,80,82,79,70,73,76,69,0,1,1,0,0,1,-56,0,0,0,0,4,48,0,0,109,110,116,114,82,71,66,32,88,89,90,32,7,-32,0,1,0,1,0,0,0,0,0,0,97,99,115,112,0,0,0,0,0,0,0,0,0,0,0,0,0,0,0,0,0,0,0,0,0,0,0,0,0,0,0,1,0,0,-10,-42,0,1,0,0,0,0,-45,45,0,0;0;1024",pool-21-thread-3,java.io.FileOutputStream.write(Native Method)
1759427511991,java.io.FileOutputStream,write,"-107,78,115,-128,65,118,-91,17,-61,-62,80,-49,69,2,16,-68,90,108,-108,-4,37,120,-4,33,3,93,-15,20,-45,-78,115,-73,-47,37,-68,40,19,-89,-55,52,-4,99,-56,20,-5,108,-104,126,63,-110,15,29,2,105,9,-17,26,4,-41,42,26,80,-99,110,96,-7,-94,-95,59,-29,30,-123,17,-30,55,77,63,10,113,-39,52,-24,16,57,-65,8,72;0;1024",pool-21-thread-3,java.io.FileOutputStream.write(Native Method)
1759427511998,java.io.FileOutputStream,write,"-118,107,-76,10,-113,54,-60,20,-46,87,-74,9,-124,-96,71,-99,74,17,38,-27,61,-57,84,23,29,74,33,28,-28,55,59,69,-25,-71,0,-66,-22,-121,61,-24,89,-4,78,-12,9,30,-28,43,-34,71,124,-107,-119,-89,-71,-56,101,-38,36,115,-70,-110,-93,-53,87,12,122,61,-19,30,73,35,54,-92,23,36,-51,-90,-86,-67,-8,-101,44,121;0;1024",pool-21-thread-3,java.io.FileOutputStream.write(Native Method)
1759427512004,java.io.FileOutputStream,write,"-25,95,-90,95,-13,90,-87,18,-72,93,-9,-124,2,-75,16,110,22,103,2,96,-114,121,88,62,-53,-56,90,106,99,113,117,-53,-74,-7,73,104,-35,62,-38,36,102,-95,25,-83,-47,97,-96,-19,-31,81,-85,-89,101,37,44,-107,15,-66,88,-58,99,101,45,-19,-80,85,124,73,-90,7,89,-44,-14,-54,79,-87,111,-30,-113,14,-30,10,-100,1;0;1024",pool-21-thread-3,java.io.FileOutputStream.write(Native Method)
1759427512012,java.io.FileOutputStream,write,"-97,79,-17,30,-14,-58,0,-15,39,112,119,11,-24,79,-113,13,87,-5,98,-115,-49,-6,44,49,-82,39,-21,47,-107,-69,31,10,-73,-116,25,-67,-103,-78,-99,-106,53,15,-94,-56,35,31,21,-5,89,64,-10,87,-120,85,-30,47,-60,29,93,83,45,75,-94,12,12,116,-114,36,-74,-9,-67,-66,-32,-77,-92,6,-5,84,-41,-91,111,-22,-86,36,;0;1024",pool-21-thread-3,java.io.FileOutputStream.write(Native Method)
1759427512017,java.io.FileOutputStream,write,"-43,90,112,13,29,62,53,-128,-5,-42,45,12,117,-107,60,-41,51,-103,59,67,-35,-108,90,-62,-27,5,-25,8,-101,112,118,30,65,63,-18,-30,-1,0,114,-31,-115,99,-51,89,13,99,-120,18,116,23,-22,-76,124,67,-118,-30,20,60,71,87,73,69,89,60,20,-79,74,89,28,44,121,13,99,123,1,-39,117,119,-31,-8,117,13,19,-26,101,20;0;1024",pool-21-thread-3,java.io.FileOutputStream.write(Native Method)
1759427512023,java.io.FileOutputStream,write,"-105,-69,51,67,-121,113,-43,102,112,-50,42,-59,113,-6,-8,48,-86,-7,34,117,37,83,-60,82,-122,-58,1,45,61,-113,69,-95,-82,-29,12,63,-120,40,-25,-62,40,34,-88,109,69,99,121,81,103,104,13,4,-9,-79,89,-68,39,-122,113,28,11,25,-92,-60,43,-93,13,-93,-89,-108,62,89,1,-47,-83,27,-72,-96,-39,-98,0,-64,-102,-4;0;1024",pool-21-thread-3,java.io.FileOutputStream.write(Native Method)
1759427512028,java.io.FileOutputStream,write,"-40,91,67,-80,93,85,-68,1,-128,-67,-95,-50,-118,123,-111,115,-11,-89,117,-50,-15,-102,72,-88,56,-92,-46,-45,-126,33,-122,92,-83,-71,-39,75,-15,121,-6,-80,110,-57,-43,47,-102,86,-4,41,87,10,-12,71,-127,79,106,96,-35,61,-86,52,-5,79,56,-18,-109,-104,59,-86,115,88,-104,107,10,-37,-98,46,-71,-125,-70,78;0;1024",pool-21-thread-3,java.io.FileOutputStream.write(Native Method)
1759427512035,java.io.FileOutputStream,write,"-98,-45,71,-52,-4,92,-91,-70,-97,19,-79,-53,-128,-45,-69,-1,0,-58,-115,78,-68,-110,124,78,101,-1,0,80,39,47,-120,-8,-19,127,-23,-15,126,73,-83,107,100,-116,-109,80,-58,30,-50,99,-17,-1,0,-118,-101,73,69,-118,62,82,-24,-31,-113,14,119,107,-74,47,-4,84,-103,104,113,-16,-46,89,-117,64,7,115,84,-17,-20,;0;1024",pool-21-thread-3,java.io.FileOutputStream.write(Native Method)
1759427512040,java.io.FileOutputStream,write,"52,-89,93,28,-70,-35,127,15,-43,-51,126,99,41,-38,127,-91,-65,-28,-77,-13,-16,117,76,-113,55,116,96,121,45,105,-70,-25,18,57,-57,-20,-71,71,112,123,-114,-115,-5,-41,72,119,4,62,-6,-54,111,-24,-125,55,8,-104,-104,75,-82,-17,69,116,97,40,51,-78,71,102,26,21,42,-111,-18,21,-46,19,112,-46,-48,1,90,-81,-;0;1024",pool-21-thread-3,java.io.FileOutputStream.write(Native Method)
1759427512046,java.io.FileOutputStream,write,"85,-71,49,58,124,30,0,51,-102,-111,109,-56,36,104,-119,-122,85,-31,-12,36,-38,-79,-89,-6,108,127,-78,-52,-106,14,-59,39,40,-72,-117,88,41,-22,54,103,-117,-88,-102,-29,-102,25,-33,109,-114,81,-3,-48,71,30,78,-41,16,-54,54,100,27,93,-25,85,-108,-28,0,117,122,115,34,-116,19,117,125,96,-44,-48,-15,-83,8;0;1024",pool-21-thread-3,java.io.FileOutputStream.write(Native Method)
1759427512052,java.io.FileOutputStream,write,"118,-119,-105,-7,-89,27,4,-46,117,84,48,-110,-110,-23,30,-16,15,-120,-128,-126,-6,-122,-80,106,10,50,-24,-65,70,97,-19,101,-101,16,46,29,92,81,35,-118,-107,-96,-122,-79,-92,-113,-27,109,-42,-126,60,46,-102,61,92,51,127,-117,84,81,20,81,-113,-86,96,111,-96,-78,-104,-66,-54,56,99,123,-39,104,-87,-35,1;0;1024",pool-21-thread-3,java.io.FileOutputStream.write(Native Method)
1759427512057,java.io.FileOutputStream,write,"-126,-123,13,80,-120,-117,124,40,-110,99,6,61,88,-35,124,-43,69,-28,116,52,-79,51,43,34,104,-73,82,53,81,102,115,96,54,99,-82,-34,-41,-70,-95,-88,-59,-22,38,36,103,-54,59,5,30,58,-121,-25,14,113,117,-4,-44,-59,-42,-99,-110,7,-74,-15,-97,-111,-35,60,16,71,-24,86,121,-107,-115,-115,-31,-27,-6,-115,-12;0;1024",pool-21-thread-3,java.io.FileOutputStream.write(Native Method)
1759427512063,java.io.FileOutputStream,write,"-62,-16,-32,75,78,-9,29,21,-58,31,-116,-106,-38,58,-65,16,39,-29,3,101,71,43,-78,-17,-86,-114,-23,11,-81,-27,-78,-105,-109,113,-48,34,120,123,51,66,-32,-26,-7,29,19,38,-25,-68,-21,32,96,-2,-112,-79,-104,109,124,-12,70,-15,60,-106,95,-60,-45,-43,108,112,-6,-90,-41,-64,36,13,115,110,72,32,-7,44,117,-5;0;177",pool-21-thread-3,java.io.FileOutputStream.write(Native Method)
1759427512086,java.io.FileInputStream,read,"0,0,0,0,0,0,0,0,0,0,0,0,0,0,0,0,0,0,0,0,0,0,0,0,0,0,0,0,0,0,0,0,0,0,0,0,0,0,0,0,0,0,0,0,0,0,0,0,0,0,0,0,0,0,0,0,0,0,0,0,0,0,0,0,0,0,0,0,0,0,0,0,0,0,0,0,0,0,0,0,0,0,0,0,0,0,0,0,0,0,0,0,0,0,0,0,0,0,0,0,0,0,0,0,0,0,0,0,0,0,0,0,0,0,0,0,0,0,0,0,0,0,0,0,0,0,0,0,0,0,0,0,0,0,0,0,0,0,0,0,0,0,0,0,0,0,0,0,0,0,;0;32",mediaSendQueue,java.io.FileInputStream.read(Native Method)
1759427512106,java.io.FileInputStream,read,"-1,-40,-1,-32,0,16,74,70,73,70,0,1,1,0,0,1,0,1,0,0,-1,-30,1,-40,73,67,67,95,80,82,79,70,0,0,0,0,0,0,0,0,0,0,0,0,0,0,0,0,0,0,0,0,0,0,0,0,0,0,0,0,0,0,0,0,0,0,0,0,0,0,0,0,0,0,0,0,0,0,0,0,0,0,0,0,0,0,0,0,0,0,0,0,0,0,0,0,0,0,0,0,0,0,0,0,0,0,0,0,0,0,0,0,0,0,0,0,0,0,0,0,0,0,0,0,0,0,0,0,0,0,0,0,0,0,0,0,0,0,;0;992",mediaSendQueue,java.io.FileInputStream.read(Native Method)
1759427512125,java.io.FileInputStream,read,"0,0,0,0,0,0,0,0,0,0,0,0,0,0,0,0,0,0,0,0,0,0,0,0,0,0,0,0,0,0,0,0,0,0,0,0,0,0,0,0,0,0,0,0,0,0,0,0,0,0,0,0,0,0,0,0,0,0,0,0,0,0,0,0,0,0,0,0,0,0,0,0,0,0,0,0,0,0,0,0,0,0,0,0,0,0,0,0,0,0,0,0,0,0,0,0,0,0,0,0,0,0,0,0,0,0,0,0,0,0,0,0,0,0,0,0,0,0,0,0,0,0,0,0,0,0,0,0,0,0,0,0,0,0,0,0,0,0,0,0,0,0,0,0,0,0,0,0,0,0,;0;32",mediaSendQueue,java.io.FileInputStream.read(Native Method)
1759427512146,java.io.FileInputStream,read,"-1,-40,-1,-32,0,16,74,70,73,70,0,1,1,0,0,1,0,1,0,0,-1,-30,1,-40,73,67,67,95,80,82,79,70,0,0,0,0,0,0,0,0,0,0,0,0,0,0,0,0,0,0,0,0,0,0,0,0,0,0,0,0,0,0,0,0,0,0,0,0,0,0,0,0,0,0,0,0,0,0,0,0,0,0,0,0,0,0,0,0,0,0,0,0,0,0,0,0,0,0,0,0,0,0,0,0,0,0,0,0,0,0,0,0,0,0,0,0,0,0,0,0,0,0,0,0,0,0,0,0,0,0,0,0,0,0,0,0,0,0,;0;992",mediaSendQueue,java.io.FileInputStream.read(Native Method)
1759427512165,java.io.FileInputStream,read,"73,76,69,0,1,1,0,0,1,-56,0,0,0,0,4,48,0,0,109,110,116,114,82,71,66,32,88,89,90,32,7,-32,0,1,0,1,0,0,0,0,0,0,97,99,115,112,0,0,0,0,0,0,0,0,0,0,0,0,0,0,0,0,0,0,0,0,0,0,0,0,0,0,0,1,0,0,-10,-42,0,1,0,0,0,0,-45,45,0,0,0,0,0,0,0,0,0,0,0,0,0,0,0,0,0,0,0,0,0,0,0,0,0,0,0,0,0,0,0,0,0,0,0,0,0,0,0,0,0,0,0,0,0,0;0;1024",mediaSendQueue,java.io.FileInputStream.read(Native Method)
1759427512202,java.io.FileOutputStream,write,"60,63,120,109,108,32,118,101,114,115,105,111,110,61,39,49,46,48,39,32,101,110,99,111,100,105,110,103,61,39,117,116,102,45,56,39,32,115,116,97,110,100,97,108,111,110,101,61,39,121,101,115,39,32,63,62,10,60,109,97,112,62,10,32,32,32,32,60,108,111,110,103,32,110,97,109,101,61,34,50,100,105,97,108,111,1;0;4875",queued-work-looper,java.io.FileOutputStream.write(Native Method)
1759427512222,java.io.FileInputStream,read,"-107,78,115,-128,65,118,-91,17,-61,-62,80,-49,69,2,16,-68,90,108,-108,-4,37,120,-4,33,3,93,-15,20,-45,-78,115,-73,-47,37,-68,40,19,-89,-55,52,-4,99,-56,20,-5,108,-104,126,63,-110,15,29,2,105,9,-17,26,4,-41,42,26,80,-99,110,96,-7,-94,-95,59,-29,30,-123,17,-30,55,77,63,10,113,-39,52,-24,16,57,-65,8,72;0;1024",mediaSendQueue,java.io.FileInputStream.read(Native Method)
1759427512241,java.io.FileInputStream,read,"-118,107,-76,10,-113,54,-60,20,-46,87,-74,9,-124,-96,71,-99,74,17,38,-27,61,-57,84,23,29,74,33,28,-28,55,59,69,-25,-71,0,-66,-22,-121,61,-24,89,-4,78,-12,9,30,-28,43,-34,71,124,-107,-119,-89,-71,-56,101,-38,36,115,-70,-110,-93,-53,87,12,122,61,-19,30,73,35,54,-92,23,36,-51,-90,-86,-67,-8,-101,44,121;0;1024",mediaSendQueue,java.io.FileInputStream.read(Native Method)
1759427512259,java.io.FileInputStream,read,"-25,95,-90,95,-13,90,-87,18,-72,93,-9,-124,2,-75,16,110,22,103,2,96,-114,121,88,62,-53,-56,90,106,99,113,117,-53,-74,-7,73,104,-35,62,-38,36,102,-95,25,-83,-47,97,-96,-19,-31,81,-85,-89,101,37,44,-107,15,-66,88,-58,99,101,45,-19,-80,85,124,73,-90,7,89,-44,-14,-54,79,-87,111,-30,-113,14,-30,10,-100,1;0;1024",mediaSendQueue,java.io.FileInputStream.read(Native Method)
1759427512277,java.io.FileInputStream,read,"-97,79,-17,30,-14,-58,0,-15,39,112,119,11,-24,79,-113,13,87,-5,98,-115,-49,-6,44,49,-82,39,-21,47,-107,-69,31,10,-73,-116,25,-67,-103,-78,-99,-106,53,15,-94,-56,35,31,21,-5,89,64,-10,87,-120,85,-30,47,-60,29,93,83,45,75,-94,12,12,116,-114,36,-74,-9,-67,-66,-32,-77,-92,6,-5,84,-41,-91,111,-22,-86,36,;0;1024",mediaSendQueue,java.io.FileInputStream.read(Native Method)
1759427512294,java.io.FileInputStream,read,"-43,90,112,13,29,62,53,-128,-5,-42,45,12,117,-107,60,-41,51,-103,59,67,-35,-108,90,-62,-27,5,-25,8,-101,112,118,30,65,63,-18,-30,-1,0,114,-31,-115,99,-51,89,13,99,-120,18,116,23,-22,-76,124,67,-118,-30,20,60,71,87,73,69,89,60,20,-79,74,89,28,44,121,13,99,123,1,-39,117,119,-31,-8,117,13,19,-26,101,20;0;1024",mediaSendQueue,java.io.FileInputStream.read(Native Method)
1759427512311,java.io.FileInputStream,read,"-105,-69,51,67,-121,113,-43,102,112,-50,42,-59,113,-6,-8,48,-86,-7,34,117,37,83,-60,82,-122,-58,1,45,61,-113,69,-95,-82,-29,12,63,-120,40,-25,-62,40,34,-88,109,69,99,121,81,103,104,13,4,-9,-79,89,-68,39,-122,113,28,11,25,-92,-60,43,-93,13,-93,-89,-108,62,89,1,-47,-83,27,-72,-96,-39,-98,0,-64,-102,-4;0;1024",mediaSendQueue,java.io.FileInputStream.read(Native Method)
1759427512329,java.io.FileInputStream,read,"-40,91,67,-80,93,85,-68,1,-128,-67,-95,-50,-118,123,-111,115,-11,-89,117,-50,-15,-102,72,-88,56,-92,-46,-45,-126,33,-122,92,-83,-71,-39,75,-15,121,-6,-80,110,-57,-43,47,-102,86,-4,41,87,10,-12,71,-127,79,106,96,-35,61,-86,52,-5,79,56,-18,-109,-104,59,-86,115,88,-104,107,10,-37,-98,46,-71,-125,-70,78;0;1024",mediaSendQueue,java.io.FileInputStream.read(Native Method)
1759427512347,java.io.FileInputStream,read,"-98,-45,71,-52,-4,92,-91,-70,-97,19,-79,-53,-128,-45,-69,-1,0,-58,-115,78,-68,-110,124,78,101,-1,0,80,39,47,-120,-8,-19,127,-23,-15,126,73,-83,107,100,-116,-109,80,-58,30,-50,99,-17,-1,0,-118,-101,73,69,-118,62,82,-24,-31,-113,14,119,107,-74,47,-4,84,-103,104,113,-16,-46,89,-117,64,7,115,84,-17,-20,;0;1024",mediaSendQueue,java.io.FileInputStream.read(Native Method)
1759427512364,java.io.FileInputStream,read,"52,-89,93,28,-70,-35,127,15,-43,-51,126,99,41,-38,127,-91,-65,-28,-77,-13,-16,117,76,-113,55,116,96,121,45,105,-70,-25,18,57,-57,-20,-71,71,112,123,-114,-115,-5,-41,72,119,4,62,-6,-54,111,-24,-125,55,8,-104,-104,75,-82,-17,69,116,97,40,51,-78,71,102,26,21,42,-111,-18,21,-46,19,112,-46,-48,1,90,-81,-;0;1024",mediaSendQueue,java.io.FileInputStream.read(Native Method)
1759427512381,java.io.FileInputStream,read,"85,-71,49,58,124,30,0,51,-102,-111,109,-56,36,104,-119,-122,85,-31,-12,36,-38,-79,-89,-6,108,127,-78,-52,-106,14,-59,39,40,-72,-117,88,41,-22,54,103,-117,-88,-102,-29,-102,25,-33,109,-114,81,-3,-48,71,30,78,-41,16,-54,54,100,27,93,-25,85,-108,-28,0,117,122,115,34,-116,19,117,125,96,-44,-48,-15,-83,8;0;1024",mediaSendQueue,java.io.FileInputStream.read(Native Method)
1759427512399,java.io.FileInputStream,read,"118,-119,-105,-7,-89,27,4,-46,117,84,48,-110,-110,-23,30,-16,15,-120,-128,-126,-6,-122,-80,106,10,50,-24,-65,70,97,-19,101,-101,16,46,29,92,81,35,-118,-107,-96,-122,-79,-92,-113,-27,109,-42,-126,60,46,-102,61,92,51,127,-117,84,81,20,81,-113,-86,96,111,-96,-78,-104,-66,-54,56,99,123,-39,104,-87,-35,1;0;1024",mediaSendQueue,java.io.FileInputStream.read(Native Method)
1759427512416,java.io.FileInputStream,read,"-126,-123,13,80,-120,-117,124,40,-110,99,6,61,88,-35,124,-43,69,-28,116,52,-79,51,43,34,104,-73,82,53,81,102,115,96,54,99,-82,-34,-41,-70,-95,-88,-59,-22,38,36,103,-54,59,5,30,58,-121,-25,14,113,117,-4,-44,-59,-42,-99,-110,7,-74,-15,-97,-111,-35,60,16,71,-24,86,121,-107,-115,-115,-31,-27,-6,-115,-12;0;1024",mediaSendQueue,java.io.FileInputStream.read(Native Method)
1759427512434,java.io.FileInputStream,read,"-62,-16,-32,75,78,-9,29,21,-58,31,-116,-106,-38,58,-65,16,39,-29,3,101,71,43,-78,-17,-86,-114,-23,11,-81,-27,-78,-105,-109,113,-48,34,120,123,51,66,-32,-26,-7,29,19,38,-25,-68,-21,32,96,-2,-112,-79,-104,109,124,-12,70,-15,60,-106,95,-60,-45,-43,108,112,-6,-90,-41,-64,36,13,115,110,72,32,-7,44,117,-5;0;847",mediaSendQueue,java.io.FileInputStream.read(Native Method)
1759427512481,java.io.FileOutputStream,write,"60,63,120,109,108,32,118,101,114,115,105,111,110,61,39,49,46,48,39,32,101,110,99,111,100,105,110,103,61,39,117,116,102,45,56,39,32,115,116,97,110,100,97,108,111,110,101,61,39,121,101,115,39,32,63,62,10,60,109,97,112,62,10,32,32,32,32,60,108,111,110,103,32,110,97,109,101,61,34,101,101,48,97,99,98,98,;0;302",stageQueue,java.io.FileOutputStream.write(Native Method)
1759427512551,java.io.FileOutputStream,write,"60,63,120,109,108,32,118,101,114,115,105,111,110,61,39,49,46,48,39,32,101,110,99,111,100,105,110,103,61,39,117,116,102,45,56,39,32,115,116,97,110,100,97,108,111,110,101,61,39,121,101,115,39,32,63,62,10,60,109,97,112,32,47,62,10,0,0,0,0,0,0,0,0,0,0,0,0,0,0,0,0,0,0,0,0,0,0,0,0,0,0,0,0,0,0,0,0,0,0,0,0,;0;65",stageQueue,java.io.FileOutputStream.write(Native Method)
1759427512585,java.io.FileOutputStream,write,"60,63,120,109,108,32,118,101,114,115,105,111,110,61,39,49,46,48,39,32,101,110,99,111,100,105,110,103,61,39,117,116,102,45,56,39,32,115,116,97,110,100,97,108,111,110,101,61,39,121,101,115,39,32,63,62,10,60,109,97,112,62,10,32,32,32,32,60,108,111,110,103,32,110,97,109,101,61,34,50,100,105,97,108,111,1;0;4875",queued-work-looper,java.io.FileOutputStream.write(Native Method)
1759427514112,android.hardware.Camera,open,0,pool-27-thread-1,android.hardware.Camera.open(Native Method)
1759427514114,android.hardware.Camera,open,0;<Java:unserializable>;1,pool-27-thread-1,android.hardware.Camera.open(Native Method)
1759427516667,java.io.FileOutputStream,write,"-1,-40,-1,-32,0,16,74,70,73,70,0,1,1,0,0,1,0,1,0,0,-1,-30,1,-40,73,67,67,95,80,82,79,70,73,76,69,0,1,1,0,0,1,-56,0,0,0,0,4,48,0,0,109,110,116,114,82,71,66,32,88,89,90,32,7,-32,0,1,0,1,0,0,0,0,0,0,97,99,115,112,0,0,0,0,0,0,0,0,0,0,0,0,0,0,0,0,0,0,0,0,0,0,0,0,0,0,0,1,0,0,-10,-42,0,1,0,0,0,0,-45,45,0,0;0;1024",main,java.io.FileOutputStream.write(Native Method)
1759427516677,java.io.FileInputStream,read,"0,0,0,0,0,0,0,0,0,0,0,0,0,0,0,0,0,0,0,0,0,0,0,0,0,0,0,0,0,0,0,0,0,0,0,0,0,0,0,0,0,0,0,0,0,0,0,0,0,0,0,0,0,0,0,0,0,0,0,0,0,0,0,0,0,0,0,0,0,0,0,0,0,0,0,0,0,0,0,0,0,0,0,0,0,0,0,0,0,0,0,0,0,0,0,0,0,0,0,0,0,0,0,0,0,0,0,0,0,0,0,0,0,0,0,0,0,0,0,0,0,0,0,0,0,0,0,0,0,0,0,0,0,0,0,0,0,0,0,0,0,0,0,0,0,0,0,0,0,0,;0;8192",Thread-90,java.io.FileInputStream.read(Native Method)
1759427516682,java.io.FileOutputStream,write,"-11,8,66,56,-114,62,-79,-22,-119,-89,-99,-95,-49,62,119,87,21,-114,-85,-97,3,75,-113,-78,-25,11,76,-99,60,-51,113,-35,89,-10,-99,86,-54,104,-102,-46,-17,101,-111,-6,-109,27,-109,78,52,121,-107,-41,53,-27,22,-41,27,119,71,27,119,85,-57,-21,86,124,-111,-6,-43,-97,37,66,-20,111,-6,15,-74,69,-113,-58,-3;0;1003",main,java.io.FileOutputStream.write(Native Method)
1759427516700,java.io.FileInputStream,read,"0,0,0,0,0,0,0,0,0,0,0,0,0,0,0,0,0,0,0,0,0,0,0,0,0,0,0,0,0,0,0,0,0,0,0,0,0,0,0,0,0,0,0,0,0,0,0,0,0,0,0,0,0,0,0,0,0,0,0,0,0,0,0,0,0,0,0,0,0,0,0,0,0,0,0,0,0,0,0,0,0,0,0,0,0,0,0,0,0,0,0,0,0,0,0,0,0,0,0,0,0,0,0,0,0,0,0,0,0,0,0,0,0,0,0,0,0,0,0,0,0,0,0,0,0,0,0,0,0,0,0,0,0,0,0,0,0,0,0,0,0,0,0,0,0,0,0,0,0,0,;0;8192",Thread-90,java.io.FileInputStream.read(Native Method)
1759427516715,java.io.FileInputStream,read,"0,0,0,0,0,0,0,0,0,0,0,0,0,0,0,0,0,0,0,0,0,0,0,0,0,0,0,0,0,0,0,0,0,0,0,0,0,0,0,0,0,0,0,0,0,0,0,0,0,0,0,0,0,0,0,0,0,0,0,0,0,0,0,0,0,0,0,0,0,0,0,0,0,0,0,0,0,0,0,0,0,0,0,0,0,0,0,0,0,0,0,0,0,0,0,0,0,0,0,0,0,0,0,0,0,0,0,0,0,0,0,0,0,0,0,0,0,0,0,0,0,0,0,0,0,0,0,0,0,0,0,0,0,0,0,0,0,0,0,0,0,0,0,0,0,0,0,0,0,0,;0;8192",Thread-90,java.io.FileInputStream.read(Native Method)
1759427516730,java.io.FileInputStream,read,"0,0,0,0,0,0,0,0,0,0,0,0,0,0,0,0,0,0,0,0,0,0,0,0,0,0,0,0,0,0,0,0,0,0,0,0,0,0,0,0,0,0,0,0,0,0,0,0,0,0,0,0,0,0,0,0,0,0,0,0,0,0,0,0,0,0,0,0,0,0,0,0,0,0,0,0,0,0,0,0,0,0,0,0,0,0,0,0,0,0,0,0,0,0,0,0,0,0,0,0,0,0,0,0,0,0,0,0,0,0,0,0,0,0,0,0,0,0,0,0,0,0,0,0,0,0,0,0,0,0,0,0,0,0,0,0,0,0,0,0,0,0,0,0,0,0,0,0,0,0,;0;4096",androidmapsapi-ZoomTableManager,java.io.FileInputStream.read(Native Method)
1759427516732,java.io.FileInputStream,read,"0,0,0,0,0,0,0,0,0,0,0,0,0,0,0,0,0,0,0,0,0,0,0,0,0,0,0,0,0,0,0,0,0,0,0,0,0,0,0,0,0,0,0,0,0,0,0,0,0,0,0,0,0,0,0,0,0,0,0,0,0,0,0,0,0,0,0,0,0,0,0,0,0,0,0,0,0,0,0,0,0,0,0,0,0,0,0,0,0,0,0,0,0,0,0,0,0,0,0,0,0,0,0,0,0,0,0,0,0,0,0,0,0,0,0,0,0,0,0,0,0,0,0,0,0,0,0,0,0,0,0,0,0,0,0,0,0,0,0,0,0,0,0,0,0,0,0,0,0,0,;0;1024",Thread-90,java.io.FileInputStream.read(Native Method)
1759427516734,java.io.FileOutputStream,write,"10,2,8,4",Thread-90,java.io.FileOutputStream.write(Native Method)
1759427516735,java.io.FileOutputStream,write,"10,2,8,4;0;4",Thread-90,java.io.FileOutputStream.write(Native Method)
1759427516740,java.io.FileInputStream,read,"8,5,17,-58,-126,-117,-38,0,0,0,0,58,-46,12,10,-28,1,8,4,16,1,16,1,16,1,16,1,16,1,16,1,16,1,16,2,16,2,16,2,16,2,16,3,16,3,16,3,16,3,16,4,16,4,16,4,16,4,16,5,16,5,16,5,16,5,16,6,16,6,16,6,16,6,16,7,16,7,16,7,16,7,16,8,16,8,16,8,16,8,16,9,16,9,16,9,16,9,16,10,16,10,16,10,16,10,16,11,16,11,16,11,16,11,1;0;4096",androidmapsapi-ZoomTableManager,java.io.FileInputStream.read(Native Method)
1759427516742,java.io.FileInputStream,read,"0,0,0,0,0,0,0,0,0,0,0,0,0,0,0,0,0,0,0,0,0,0,0,0,0,0,0,0,0,0,0,0,0,0,0,0,0,0,0,0,0,0,0,0,0,0,0,0,0,0,0,0,0,0,0,0,0,0,0,0,0,0,0,0,0,0,0,0,0,0,0,0,0,0,0,0,0,0,0,0,0,0,0,0,0,0,0,0,0,0,0,0,0,0,0,0,0,0,0,0,0,0,0,0,0,0,0,0,0,0,0,0,0,0,0,0,0,0,0,0,0,0,0,0,0,0,0,0,0,0,0,0,0,0,0,0,0,0,0,0,0,0,0,0,0,0,0,0,0,0,;0;1024",Thread-90,java.io.FileInputStream.read(Native Method)
1759427516745,java.io.FileInputStream,read,"10,2,8,4,0,0,0,0,0,0,0,0,0,0,0,0,0,0,0,0,0,0,0,0,0,0,0,0,0,0,0,0,0,0,0,0,0,0,0,0,0,0,0,0,0,0,0,0,0,0,0,0,0,0,0,0,0,0,0,0,0,0,0,0,0,0,0,0,0,0,0,0,0,0,0,0,0,0,0,0,0,0,0,0,0,0,0,0,0,0,0,0,0,0,0,0,0,0,0,0,0,0,0,0,0,0,0,0,0,0,0,0,0,0,0,0,0,0,0,0,0,0,0,0,0,0,0,0,0,0,0,0,0,0,0,0,0,0,0,0,0,0,0,0,0,0,0,0,0,0;0;1024",Thread-90,java.io.FileInputStream.read(Native Method)
1759427516750,java.io.FileInputStream,read,"0,0,0,0,0,0,0,0,0,0,0,0,0,0,0,0,0,0,0,0,0,0,0,0,0,0,0,0,0,0,0,0,0,0,0,0,0,0,0,0,0,0,0,0,0,0,0,0,0,0,0,0,0,0,0,0,0,0,0,0,0,0,0,0,0,0,0,0,0,0,0,0,0,0,0,0,0,0,0,0,0,0,0,0,0,0,0,0,0,0,0,0,0,0,0,0,0,0,0,0,0,0,0,0,0,0,0,0,0,0,0,0,0,0,0,0,0,0,0,0,0,0,0,0,0,0,0,0,0,0,0,0,0,0,0,0,0,0,0,0,0,0,0,0,0,0,0,0,0,0,;0;1024",androidmapsapi-DataRequestDispatcher-11,java.io.FileInputStream.read(Native Method)
1759427516752,java.io.FileInputStream,read,"10,2,8,4,0,0,0,0,0,0,0,0,0,0,0,0,0,0,0,0,0,0,0,0,0,0,0,0,0,0,0,0,0,0,0,0,0,0,0,0,0,0,0,0,0,0,0,0,0,0,0,0,0,0,0,0,0,0,0,0,0,0,0,0,0,0,0,0,0,0,0,0,0,0,0,0,0,0,0,0,0,0,0,0,0,0,0,0,0,0,0,0,0,0,0,0,0,0,0,0,0,0,0,0,0,0,0,0,0,0,0,0,0,0,0,0,0,0,0,0,0,0,0,0,0,0,0,0,0,0,0,0,0,0,0,0,0,0,0,0,0,0,0,0,0,0,0,0,0,0;0;1024",androidmapsapi-DataRequestDispatcher-11,java.io.FileInputStream.read(Native Method)
1759427516777,java.io.FileInputStream,read,"0,0,0,0,0,0,0,0,0,0,0,0,0,0,0,0,0,0,0,0,0,0,0,0,0,0,0,0,0,0,0,0,0,0,0,0,0,0,0,0,0,0,0,0,0,0,0,0,0,0,0,0,0,0,0,0,0,0,0,0,0,0,0,0,0,0,0,0,0,0,0,0,0,0,0,0,0,0,0,0,0,0,0,0,0,0,0,0,0,0,0,0,0,0,0,0,0,0,0,0,0,0,0,0,0,0,0,0,0,0,0,0,0,0,0,0,0,0,0,0,0,0,0,0,0,0,0,0,0,0,0,0,0,0,0,0,0,0,0,0,0,0,0,0,0,0,0,0,0,0,;0;8192",main,java.io.FileInputStream.read(Native Method)
1759427516791,java.io.FileInputStream,read,"10,0,0,0,0,0,0,0,0,0,0,0,0,0,0,0,0,0,0,0,0,0,0,0,0,0,0,0,0,0,0,0,0,0,0,0,0,0,0,0,0,0,0,0,0,0,0,0,0,0,0,0,0,0,0,0,0,0,0,0,0,0,0,0,0,0,0,0,0,0,0,0,0,0,0,0,0,0,0,0,0,0,0,0,0,0,0,0,0,0,0,0,0,0,0,0,0,0,0,0,0,0,0,0,0,0,0,0,0,0,0,0,0,0,0,0,0,0,0,0,0,0,0,0,0,0,0,0,0,0,0,0,0,0,0,0,0,0,0,0,0,0,0,0,0,0,0,0,0,0;0;8192",main,java.io.FileInputStream.read(Native Method)
1759427516803,java.io.FileInputStream,read,"0,0,0,0,0,0,0,0,0,0,0,0,0,0,0,0,0,0,0,0,0,0,0,0,0,0,0,0,0,0,0,0,0,0,0,0,0,0,0,0,0,0,0,0,0,0,0,0,0,0,0,0,0,0,0,0,0,0,0,0,0,0,0,0,0,0,0,0,0,0,0,0,0,0,0,0,0,0,0,0,0,0,0,0,0,0,0,0,0,0,0,0,0,0,0,0,0,0,0,0,0,0,0,0,0,0,0,0,0,0,0,0,0,0,0,0,0,0,0,0,0,0,0,0,0,0,0,0,0,0,0,0,0,0,0,0,0,0,0,0,0,0,0,0,0,0,0,0,0,0,;0;8192",main,java.io.FileInputStream.read(Native Method)
1759427516812,java.io.FileInputStream,read,"10,0,0,0,0,0,0,0,0,0,0,0,0,0,0,0,0,0,0,0,0,0,0,0,0,0,0,0,0,0,0,0,0,0,0,0,0,0,0,0,0,0,0,0,0,0,0,0,0,0,0,0,0,0,0,0,0,0,0,0,0,0,0,0,0,0,0,0,0,0,0,0,0,0,0,0,0,0,0,0,0,0,0,0,0,0,0,0,0,0,0,0,0,0,0,0,0,0,0,0,0,0,0,0,0,0,0,0,0,0,0,0,0,0,0,0,0,0,0,0,0,0,0,0,0,0,0,0,0,0,0,0,0,0,0,0,0,0,0,0,0,0,0,0,0,0,0,0,0,0;0;8192",main,java.io.FileInputStream.read(Native Method)
1759427516823,java.io.FileInputStream,read,"0,0,0,0,0,0,0,0,0,0,0,0,0,0,0,0,0,0,0,0,0,0,0,0,0,0,0,0,0,0,0,0,0,0,0,0,0,0,0,0,0,0,0,0,0,0,0,0,0,0,0,0,0,0,0,0,0,0,0,0,0,0,0,0,0,0,0,0,0,0,0,0,0,0,0,0,0,0,0,0,0,0,0,0,0,0,0,0,0,0,0,0,0,0,0,0,0,0,0,0,0,0,0,0,0,0,0,0,0,0,0,0,0,0,0,0,0,0,0,0,0,0,0,0,0,0,0,0,0,0,0,0,0,0,0,0,0,0,0,0,0,0,0,0,0,0,0,0,0,0,;0;8192",main,java.io.FileInputStream.read(Native Method)
1759427516833,java.io.FileInputStream,read,"10,0,0,0,0,0,0,0,0,0,0,0,0,0,0,0,0,0,0,0,0,0,0,0,0,0,0,0,0,0,0,0,0,0,0,0,0,0,0,0,0,0,0,0,0,0,0,0,0,0,0,0,0,0,0,0,0,0,0,0,0,0,0,0,0,0,0,0,0,0,0,0,0,0,0,0,0,0,0,0,0,0,0,0,0,0,0,0,0,0,0,0,0,0,0,0,0,0,0,0,0,0,0,0,0,0,0,0,0,0,0,0,0,0,0,0,0,0,0,0,0,0,0,0,0,0,0,0,0,0,0,0,0,0,0,0,0,0,0,0,0,0,0,0,0,0,0,0,0,0;0;8192",main,java.io.FileInputStream.read(Native Method)
1759427516841,java.io.FileInputStream,read,"0,0,0,0,0,0,0,0,0,0,0,0,0,0,0,0,0,0,0,0,0,0,0,0,0,0,0,0,0,0,0,0,0,0,0,0,0,0,0,0,0,0,0,0,0,0,0,0,0,0,0,0,0,0,0,0,0,0,0,0,0,0,0,0,0,0,0,0,0,0,0,0,0,0,0,0,0,0,0,0,0,0,0,0,0,0,0,0,0,0,0,0,0,0,0,0,0,0,0,0,0,0,0,0,0,0,0,0,0,0,0,0,0,0,0,0,0,0,0,0,0,0,0,0,0,0,0,0,0,0,0,0,0,0,0,0,0,0,0,0,0,0,0,0,0,0,0,0,0,0,;0;4096",androidmapsapi-ZoomTableManager,java.io.FileInputStream.read(Native Method)
1759427516843,java.io.FileInputStream,read,"0,0,0,0,0,0,0,0,0,0,0,0,0,0,0,0,0,0,0,0,0,0,0,0,0,0,0,0,0,0,0,0,0,0,0,0,0,0,0,0,0,0,0,0,0,0,0,0,0,0,0,0,0,0,0,0,0,0,0,0,0,0,0,0,0,0,0,0,0,0,0,0,0,0,0,0,0,0,0,0,0,0,0,0,0,0,0,0,0,0,0,0,0,0,0,0,0,0,0,0,0,0,0,0,0,0,0,0,0,0,0,0,0,0,0,0,0,0,0,0,0,0,0,0,0,0,0,0,0,0,0,0,0,0,0,0,0,0,0,0,0,0,0,0,0,0,0,0,0,0,;0;1024",main,java.io.FileInputStream.read(Native Method)
1759427516845,java.io.FileInputStream,read,"10,2,8,4,0,0,0,0,0,0,0,0,0,0,0,0,0,0,0,0,0,0,0,0,0,0,0,0,0,0,0,0,0,0,0,0,0,0,0,0,0,0,0,0,0,0,0,0,0,0,0,0,0,0,0,0,0,0,0,0,0,0,0,0,0,0,0,0,0,0,0,0,0,0,0,0,0,0,0,0,0,0,0,0,0,0,0,0,0,0,0,0,0,0,0,0,0,0,0,0,0,0,0,0,0,0,0,0,0,0,0,0,0,0,0,0,0,0,0,0,0,0,0,0,0,0,0,0,0,0,0,0,0,0,0,0,0,0,0,0,0,0,0,0,0,0,0,0,0,0;0;1024",main,java.io.FileInputStream.read(Native Method)
1759427516851,java.io.FileInputStream,read,"8,5,17,-58,-126,-117,-38,0,0,0,0,58,-46,12,10,-28,1,8,4,16,1,16,1,16,1,16,1,16,1,16,1,16,1,16,2,16,2,16,2,16,2,16,3,16,3,16,3,16,3,16,4,16,4,16,4,16,4,16,5,16,5,16,5,16,5,16,6,16,6,16,6,16,6,16,7,16,7,16,7,16,7,16,8,16,8,16,8,16,8,16,9,16,9,16,9,16,9,16,10,16,10,16,10,16,10,16,11,16,11,16,11,16,11,1;0;4096",androidmapsapi-ZoomTableManager,java.io.FileInputStream.read(Native Method)
1759427516853,java.io.FileOutputStream,write,"10,2,8,4,10,2,8,4",main,java.io.FileOutputStream.write(Native Method)
1759427516854,java.io.FileOutputStream,write,"10,2,8,4,10,2,8,4;0;8",main,java.io.FileOutputStream.write(Native Method)
1759427516904,java.io.FileOutputStream,write,"60,63,120,109,108,32,118,101,114,115,105,111,110,61,39,49,46,48,39,32,101,110,99,111,100,105,110,103,61,39,117,116,102,45,56,39,32,115,116,97,110,100,97,108,111,110,101,61,39,121,101,115,39,32,63,62,10,60,109,97,112,62,10,32,32,32,32,60,108,111,110,103,32,110,97,109,101,61,34,76,65,83,84,95,70,69,84;0;138",androidmapsapi-DataRequestDispatcher-11,java.io.FileOutputStream.write(Native Method)
1759427516906,android.location.LocationManager,getLastKnownLocation,gps,main,android.location.LocationManager.getLastKnownLocation(Native Method)
1759427516909,android.location.LocationManager,getLastKnownLocation,gps;<Java:unserializable>,main,android.location.LocationManager.getLastKnownLocation(Native Method)
1759427516922,java.io.FileInputStream,read,"0,0,0,0,0,0,0,0,0,0,0,0,0,0,0,0,0,0,0,0,0,0,0,0,0,0,0,0,0,0,0,0,0,0,0,0,0,0,0,0,0,0,0,0,0,0,0,0,0,0,0,0,0,0,0,0,0,0,0,0,0,0,0,0,0,0,0,0,0,0,0,0,0,0,0,0,0,0,0,0,0,0,0,0,0,0,0,0,0,0,0,0,0,0,0,0,0,0,0,0,0,0,0,0,0,0,0,0,0,0,0,0,0,0,0,0,0,0,0,0,0,0,0,0,0,0,0,0,0,0,0,0,0,0,0,0,0,0,0,0,0,0,0,0,0,0,0,0,0,0,;0;1024",main,java.io.FileInputStream.read(Native Method)
1759427516928,java.io.FileInputStream,read,"10,2,8,4,10,2,8,4,0,0,0,0,0,0,0,0,0,0,0,0,0,0,0,0,0,0,0,0,0,0,0,0,0,0,0,0,0,0,0,0,0,0,0,0,0,0,0,0,0,0,0,0,0,0,0,0,0,0,0,0,0,0,0,0,0,0,0,0,0,0,0,0,0,0,0,0,0,0,0,0,0,0,0,0,0,0,0,0,0,0,0,0,0,0,0,0,0,0,0,0,0,0,0,0,0,0,0,0,0,0,0,0,0,0,0,0,0,0,0,0,0,0,0,0,0,0,0,0,0,0,0,0,0,0,0,0,0,0,0,0,0,0,0,0,0,0,0,0,0,;0;1024",main,java.io.FileInputStream.read(Native Method)
1759427516928,java.io.FileOutputStream,write,"10,2,8,4",main,java.io.FileOutputStream.write(Native Method)
1759427516930,java.io.FileOutputStream,write,"10,2,8,4;0;4",main,java.io.FileOutputStream.write(Native Method)
1759427516934,java.io.FileInputStream,read,"0,0,0,0,0,0,0,0,0,0,0,0,0,0,0,0,0,0,0,0,0,0,0,0,0,0,0,0,0,0,0,0,0,0,0,0,0,0,0,0,0,0,0,0,0,0,0,0,0,0,0,0,0,0,0,0,0,0,0,0,0,0,0,0,0,0,0,0,0,0,0,0,0,0,0,0,0,0,0,0,0,0,0,0,0,0,0,0,0,0,0,0,0,0,0,0,0,0,0,0,0,0,0,0,0,0,0,0,0,0,0,0,0,0,0,0,0,0,0,0,0,0,0,0,0,0,0,0,0,0,0,0,0,0,0,0,0,0,0,0,0,0,0,0,0,0,0,0,0,0,;0;1024",main,java.io.FileInputStream.read(Native Method)
1759427516936,java.io.FileInputStream,read,"10,2,8,4,0,0,0,0,0,0,0,0,0,0,0,0,0,0,0,0,0,0,0,0,0,0,0,0,0,0,0,0,0,0,0,0,0,0,0,0,0,0,0,0,0,0,0,0,0,0,0,0,0,0,0,0,0,0,0,0,0,0,0,0,0,0,0,0,0,0,0,0,0,0,0,0,0,0,0,0,0,0,0,0,0,0,0,0,0,0,0,0,0,0,0,0,0,0,0,0,0,0,0,0,0,0,0,0,0,0,0,0,0,0,0,0,0,0,0,0,0,0,0,0,0,0,0,0,0,0,0,0,0,0,0,0,0,0,0,0,0,0,0,0,0,0,0,0,0,0;0;1024",main,java.io.FileInputStream.read(Native Method)
1759427516941,java.io.FileInputStream,read,"0,0,0,0,0,0,0,0,0,0,0,0,0,0,0,0,0,0,0,0,0,0,0,0,0,0,0,0,0,0,0,0,0,0,0,0,0,0,0,0,0,0,0,0,0,0,0,0,0,0,0,0,0,0,0,0,0,0,0,0,0,0,0,0,0,0,0,0,0,0,0,0,0,0,0,0,0,0,0,0,0,0,0,0,0,0,0,0,0,0,0,0,0,0,0,0,0,0,0,0,0,0,0,0,0,0,0,0,0,0,0,0,0,0,0,0,0,0,0,0,0,0,0,0,0,0,0,0,0,0,0,0,0,0,0,0,0,0,0,0,0,0,0,0,0,0,0,0,0,0,;0;1024",androidmapsapi-DataRequestDispatcher-13,java.io.FileInputStream.read(Native Method)
1759427516945,java.io.FileInputStream,read,"10,2,8,4,0,0,0,0,0,0,0,0,0,0,0,0,0,0,0,0,0,0,0,0,0,0,0,0,0,0,0,0,0,0,0,0,0,0,0,0,0,0,0,0,0,0,0,0,0,0,0,0,0,0,0,0,0,0,0,0,0,0,0,0,0,0,0,0,0,0,0,0,0,0,0,0,0,0,0,0,0,0,0,0,0,0,0,0,0,0,0,0,0,0,0,0,0,0,0,0,0,0,0,0,0,0,0,0,0,0,0,0,0,0,0,0,0,0,0,0,0,0,0,0,0,0,0,0,0,0,0,0,0,0,0,0,0,0,0,0,0,0,0,0,0,0,0,0,0,0;0;1024",androidmapsapi-DataRequestDispatcher-13,java.io.FileInputStream.read(Native Method)
1759427517014,java.io.FileInputStream,read,"0,0,0,0,0,0,0,0,0,0,0,0,0,0,0,0,0,0,0,0,0,0,0,0,0,0,0,0,0,0,0,0,0,0,0,0,0,0,0,0,0,0,0,0,0,0,0,0,0,0,0,0,0,0,0,0,0,0,0,0,0,0,0,0,0,0,0,0,0,0,0,0,0,0,0,0,0,0,0,0,0,0,0,0,0,0,0,0,0,0,0,0,0,0,0,0,0,0,0,0,0,0,0,0,0,0,0,0,0,0,0,0,0,0,0,0,0,0,0,0,0,0,0,0,0,0,0,0,0,0,0,0,0,0,0,0,0,0,0,0,0,0,0,0,0,0,0,0,0,0,;0;1024",main,java.io.FileInputStream.read(Native Method)
1759427517018,java.io.FileInputStream,read,"10,2,8,4,0,0,0,0,0,0,0,0,0,0,0,0,0,0,0,0,0,0,0,0,0,0,0,0,0,0,0,0,0,0,0,0,0,0,0,0,0,0,0,0,0,0,0,0,0,0,0,0,0,0,0,0,0,0,0,0,0,0,0,0,0,0,0,0,0,0,0,0,0,0,0,0,0,0,0,0,0,0,0,0,0,0,0,0,0,0,0,0,0,0,0,0,0,0,0,0,0,0,0,0,0,0,0,0,0,0,0,0,0,0,0,0,0,0,0,0,0,0,0,0,0,0,0,0,0,0,0,0,0,0,0,0,0,0,0,0,0,0,0,0,0,0,0,0,0,0;0;1024",main,java.io.FileInputStream.read(Native Method)
1759427517020,java.io.FileOutputStream,write,,main,java.io.FileOutputStream.write(Native Method)
1759427517021,java.io.FileOutputStream,write,;0;0,main,java.io.FileOutputStream.write(Native Method)
1759427517613,java.io.FileOutputStream,write,"-1,-40,-1,-32,0,16,74,70,73,70,0,1,1,0,0,1,0,1,0,0,-1,-30,1,-40,73,67,67,95,80,82,79,70,73,76,69,0,1,1,0,0,1,-56,0,0,0,0,4,48,0,0,109,110,116,114,82,71,66,32,88,89,90,32,7,-32,0,1,0,1,0,0,0,0,0,0,97,99,115,112,0,0,0,0,0,0,0,0,0,0,0,0,0,0,0,0,0,0,0,0,0,0,0,0,0,0,0,1,0,0,-10,-42,0,1,0,0,0,0,-45,45,0,0;0;1024",main,java.io.FileOutputStream.write(Native Method)
1759427517619,java.io.FileOutputStream,write,"115,40,66,18,-31,-100,125,99,-43,19,79,59,67,-98,123,-18,-82,43,29,87,62,6,-105,31,101,-50,22,-103,58,121,-102,-29,-70,-77,-19,58,-83,-108,-47,53,-91,-34,-53,35,-11,38,55,83,93,52,70,87,92,-41,-108,91,92,109,-35,28,109,-35,87,31,90,-77,-28,-113,-83,89,-14,84,47,99,127,-24,95,-106,69,-113,-58,-35,-42;0;993",main,java.io.FileOutputStream.write(Native Method)
1759427517733,java.io.FileOutputStream,write,"60,63,120,109,108,32,118,101,114,115,105,111,110,61,39,49,46,48,39,32,101,110,99,111,100,105,110,103,61,39,117,116,102,45,56,39,32,115,116,97,110,100,97,108,111,110,101,61,39,121,101,115,39,32,63,62,10,60,109,97,112,62,10,32,32,32,32,60,108,111,110,103,32,110,97,109,101,61,34,50,100,105,97,108,111,1;0;4875",queued-work-looper,java.io.FileOutputStream.write(Native Method)
1759427518979,java.io.FileInputStream,read,"0,0,0,0,0,0,0,0,0,0,0,0,0,0,0,0,0,0,0,0,0,0,0,0,0,0,0,0,0,0,0,0,0,0,0,0,0,0,0,0,0,0,0,0,0,0,0,0,0,0,0,0,0,0,0,0,0,0,0,0,0,0,0,0,0,0,0,0,0,0,0,0,0,0,0,0,0,0,0,0,0,0,0,0,0,0,0,0,0,0,0,0,0,0,0,0,0,0,0,0,0,0,0,0,0,0,0,0,0,0,0,0,0,0,0,0,0,0,0,0,0,0,0,0,0,0,0,0,0,0,0,0,0,0,0,0,0,0,0,0,0,0,0,0,0,0,0,0,0,0,;0;32",pool-14-thread-1,java.io.FileInputStream.read(Native Method)
1759427518997,java.io.FileInputStream,read,"-119,80,78,71,13,10,26,10,0,0,0,13,73,72,68,82,0,0,2,40,0,0,1,-122,8,6,0,0,0,81,-13,122,0,0,0,0,0,0,0,0,0,0,0,0,0,0,0,0,0,0,0,0,0,0,0,0,0,0,0,0,0,0,0,0,0,0,0,0,0,0,0,0,0,0,0,0,0,0,0,0,0,0,0,0,0,0,0,0,0,0,0,0,0,0,0,0,0,0,0,0,0,0,0,0,0,0,0,0,0,0,0,0,0,0,0,0,0,0,0,0,0,0,0,0,0,0,0,0,0,0,0,0,0,0,0,0,0,0,;0;1",pool-14-thread-1,java.io.FileInputStream.read(Native Method)
1759427519016,java.io.FileInputStream,read,"-122,80,78,71,13,10,26,10,0,0,0,13,73,72,68,82,0,0,2,40,0,0,1,-122,8,6,0,0,0,81,-13,122,0,0,0,0,0,0,0,0,0,0,0,0,0,0,0,0,0,0,0,0,0,0,0,0,0,0,0,0,0,0,0,0,0,0,0,0,0,0,0,0,0,0,0,0,0,0,0,0,0,0,0,0,0,0,0,0,0,0,0,0,0,0,0,0,0,0,0,0,0,0,0,0,0,0,0,0,0,0,0,0,0,0,0,0,0,0,0,0,0,0,0,0,0,0,0,0,0,0,0,0,0,0,0,0,0,0,;0;8",pool-14-thread-1,java.io.FileInputStream.read(Native Method)
1759427519034,java.io.FileInputStream,read,"0,0,-128,0,73,68,65,84,0,0,0,13,73,72,68,82,0,0,2,40,0,0,1,-122,8,6,0,0,0,81,-13,122,0,0,0,0,0,0,0,0,0,0,0,0,0,0,0,0,0,0,0,0,0,0,0,0,0,0,0,0,0,0,0,0,0,0,0,0,0,0,0,0,0,0,0,0,0,0,0,0,0,0,0,0,0,0,0,0,0,0,0,0,0,0,0,0,0,0,0,0,0,0,0,0,0,0,0,0,0,0,0,0,0,0,0,0,0,0,0,0,0,0,0,0,0,0,0,0,0,0,0,0,0,0,0,0,0,0,0,0;0;4096",pool-14-thread-1,java.io.FileInputStream.read(Native Method)
1759427519052,java.io.FileInputStream,read,"120,-100,-20,-67,73,111,35,75,-41,52,-10,-4,92,27,48,96,120,107,-8,63,124,59,-37,-64,7,120,99,47,-68,-14,-6,-67,61,-49,-13,68,73,45,-75,90,-108,68,113,102,113,30,52,-9,-19,114,69,102,70,78,-107,69,22,37,82,100,-85,73,-32,-96,-17,-107,40,14,53,-28,-119,-116,19,39,-50,127,42,-27,111,-79,29,-115,-6,-98;0;4096",pool-14-thread-1,java.io.FileInputStream.read(Native Method)
1759427519070,java.io.FileInputStream,read,"49,-8,-20,111,106,-49,50,1,17,126,71,-127,49,-114,-121,77,-77,-83,115,-25,-45,-25,-6,11,117,19,75,-13,37,-34,-112,87,23,-75,20,8,-7,-47,26,-118,8,1,-108,-42,-39,-42,-52,100,40,-60,-108,109,122,-95,-72,73,-100,32,102,-112,-36,-128,122,55,127,7,30,17,-73,13,2,20,59,-42,-35,69,-106,59,127,92,-29,99,11,;0;4096",pool-14-thread-1,java.io.FileInputStream.read(Native Method)
1759427519088,java.io.FileInputStream,read,"-99,42,-128,66,-48,-126,-17,-91,61,79,52,83,81,17,101,77,27,-96,-80,-100,2,80,-127,-14,57,55,127,56,94,56,38,125,101,102,-42,82,0,-123,57,-94,-37,-79,0,74,-101,-52,-56,-12,-46,13,-26,9,57,96,-89,-106,6,59,44,-31,16,88,9,-128,-94,-35,116,107,-6,-9,115,105,80,-6,-58,49,-106,-35,-116,-112,8,-124,88,-75;0;4096",pool-14-thread-1,java.io.FileInputStream.read(Native Method)
1759427519106,java.io.FileInputStream,read,"22,-42,17,62,7,-82,-67,-85,60,-2,-47,-60,0,11,-6,121,32,97,114,-115,-124,0,84,104,84,-108,113,23,0,-119,-3,112,68,-75,51,124,81,6,-3,-106,42,-75,20,-43,26,-44,-75,-38,-34,127,-92,-110,46,-3,82,-20,-23,-61,33,6,37,60,99,39,93,50,106,18,-96,12,26,-38,112,46,8,80,88,-30,9,12,-13,11,-23,57,58,10,-96,-12;0;4096",pool-14-thread-1,java.io.FileInputStream.read(Native Method)
1759427519124,java.io.FileInputStream,read,"7,-42,24,8,51,47,-56,120,-94,-100,-88,-14,-109,-104,123,-93,74,34,-85,-18,120,-21,-113,-115,16,-106,26,19,-108,41,104,78,-24,-49,-38,65,103,15,-109,50,-52,-49,-20,7,-41,33,116,-4,72,-128,82,115,0,-123,116,116,-51,-74,-100,55,-122,110,-45,-69,115,90,-51,-128,-123,125,0,-16,76,31,2,104,105,80,-70,18,-;0;4096",pool-14-thread-1,java.io.FileInputStream.read(Native Method)
1759427519142,java.io.FileInputStream,read,"4,75,-18,-68,31,-65,-101,-52,-2,110,114,-67,-82,-120,18,82,-83,90,16,-57,10,-32,12,110,-65,40,-57,56,-21,-70,-38,120,-6,-19,-32,-13,4,-99,114,1,-118,-8,-38,126,-105,-42,127,86,-99,-52,54,113,-1,-62,-116,3,55,-45,54,-57,-61,-29,91,-67,102,-87,-37,-113,-73,27,-93,-32,-17,-22,103,105,95,7,-50,-24,-63,-;0;4096",pool-14-thread-1,java.io.FileInputStream.read(Native Method)
1759427519161,java.io.FileInputStream,read,"-85,-40,53,-33,11,37,-53,41,-42,127,94,30,27,-5,-68,-20,6,74,-99,-4,124,0,13,-90,-36,85,8,48,30,1,-32,17,-123,-127,-121,-51,-6,-120,-46,-108,-14,76,-15,-19,33,-46,32,-83,-83,63,11,30,116,10,-9,-103,-83,-103,0,69,1,-53,-56,-46,-96,-44,3,96,115,109,0,-54,-84,-60,-113,14,21,60,15,-70,-114,105,-49,67,-7;0;4096",pool-14-thread-1,java.io.FileInputStream.read(Native Method)
1759427519179,java.io.FileInputStream,read,"-8,-110,-97,-45,-108,-90,-10,21,-8,-14,75,83,-99,32,67,-44,-101,-61,11,37,4,58,-71,102,-77,93,-4,94,3,-108,-77,83,94,56,46,26,4,112,-79,-97,-105,-57,124,-83,121,-70,63,119,-71,6,-102,21,12,-44,91,53,-112,88,86,-64,123,36,5,80,84,29,87,-12,-1,43,-70,18,-30,-77,-37,-98,75,-108,119,-10,3,0,5,-45,-94,-7;0;4",pool-14-thread-1,java.io.FileInputStream.read(Native Method)
1759427519196,java.io.FileInputStream,read,"-18,-96,-51,-31,-108,-90,-10,21,-8,-14,75,83,-99,32,67,-44,-101,-61,11,37,4,58,-71,102,-77,93,-4,94,3,-108,-77,83,94,56,46,26,4,112,-79,-97,-105,-57,124,-83,121,-70,63,119,-71,6,-102,21,12,-44,91,53,-112,88,86,-64,123,36,5,80,84,29,87,-12,-1,43,-70,18,-30,-77,-37,-98,75,-108,119,-10,3,0,5,-45,-94,-7;0;8",pool-14-thread-1,java.io.FileInputStream.read(Native Method)
1759427519214,java.io.FileInputStream,read,"0,0,-128,0,73,68,65,84,-8,-14,75,83,-99,32,67,-44,-101,-61,11,37,4,58,-71,102,-77,93,-4,94,3,-108,-77,83,94,56,46,26,4,112,-79,-97,-105,-57,124,-83,121,-70,63,119,-71,6,-102,21,12,-44,91,53,-112,88,86,-64,123,36,5,80,84,29,87,-12,-1,43,-70,18,-30,-77,-37,-98,75,-108,119,-10,3,0,5,-45,-94,-75,79,-119;0;4096",pool-14-thread-1,java.io.FileInputStream.read(Native Method)
1759427519233,java.io.FileInputStream,read,"18,-16,51,85,22,-17,-27,-76,-44,-50,118,-113,-118,51,10,-124,77,-35,102,-123,-70,126,-18,52,33,79,-117,73,-26,90,69,-69,-99,69,-11,-55,-101,-30,102,120,-16,87,25,87,9,36,19,1,-7,-55,97,22,-5,-33,-57,17,0,-108,77,-101,-65,5,27,117,53,-81,-71,-38,47,51,64,89,-33,40,-37,-33,-71,2,-39,56,59,-6,116,122,-;0;4096",pool-14-thread-1,java.io.FileInputStream.read(Native Method)
1759427519251,java.io.FileInputStream,read,"21,75,-43,-22,66,-24,56,-31,6,-119,38,110,-46,-25,7,-23,1,121,47,-128,-111,-28,62,-127,-56,-56,-59,-38,-113,49,10,-53,-1,119,119,49,94,54,38,106,-15,-106,-13,115,-42,97,25,-33,99,78,-70,-27,-97,-52,100,-7,-105,-72,-62,-22,-72,83,26,-57,123,14,79,-37,115,-25,59,44,40,64,-34,113,-117,-79,-39,99,40,47,;0;4096",pool-14-thread-1,java.io.FileInputStream.read(Native Method)
1759427519271,java.io.FileInputStream,read,"0,-122,101,-22,7,22,-80,84,22,-17,-90,-6,-54,-97,-40,-52,-82,-99,125,-100,118,-5,-105,105,-69,-7,-26,-104,50,-25,-29,99,81,70,2,-106,-38,-33,-40,87,-90,-75,114,23,85,-26,4,-80,32,21,-92,-64,-118,97,-108,-74,-42,-43,4,-84,-99,81,0,-18,-17,-76,-42,-45,61,31,96,116,-124,-22,28,48,85,-117,-13,-25,-24,-2;0;4096",pool-14-thread-1,java.io.FileInputStream.read(Native Method)
1759427519289,java.io.FileInputStream,read,"122,65,91,-58,-7,-70,-32,115,35,96,-39,-10,-40,-36,75,103,-57,50,51,-72,81,0,-18,-8,-75,51,95,26,-73,-36,-33,-109,63,-11,99,-38,-35,94,-91,118,-31,-51,64,116,-85,38,30,38,21,124,88,-74,106,-49,17,53,15,-105,65,25,61,94,-27,38,-114,-20,-55,-110,-67,-97,106,11,-65,-32,27,100,-32,6,-102,-2,9,21,-26,30,;0;4096",pool-14-thread-1,java.io.FileInputStream.read(Native Method)
1759427519307,java.io.FileInputStream,read,"62,-110,-5,-5,-5,49,94,102,-16,0,-80,-128,98,1,-92,-81,0,10,58,-23,-33,-87,-40,126,55,87,14,-63,58,-94,-94,6,-46,93,48,93,-125,-7,26,-42,91,61,126,-64,-91,-51,60,70,106,118,110,-100,72,-45,-45,72,-1,-123,-5,-82,-107,23,-18,-90,-115,-18,-110,45,-99,30,2,80,-58,15,76,-118,-83,126,-114,-22,-39,-25,9,-9;0;4096",pool-14-thread-1,java.io.FileInputStream.read(Native Method)
1759427519325,java.io.FileInputStream,read,"-10,-2,-50,-70,-95,122,-6,49,83,-15,114,15,3,-113,-30,76,-68,-7,95,28,8,97,-31,-23,-4,79,-71,66,3,-62,73,-108,-119,-94,122,67,27,-114,-67,48,50,72,127,95,7,-36,-89,-73,107,-22,-77,-9,62,39,90,59,71,-76,-6,-75,-6,122,94,-51,-19,-69,7,-64,7,26,-100,86,22,-17,83,-64,-5,21,117,109,-50,68,-50,-17,15,-87,;0;4096",pool-14-thread-1,java.io.FileInputStream.read(Native Method)
1759427519344,java.io.FileInputStream,read,"28,-54,80,64,19,-94,92,-19,118,-6,8,-117,-124,33,-26,101,-10,99,-18,-42,-95,-122,99,26,-128,-36,-56,0,100,123,-77,65,27,-85,106,62,-49,-35,-53,-84,7,-64,-57,-18,-18,22,121,43,-17,-86,117,-15,115,5,22,-86,118,-45,-63,90,59,6,-4,-125,-21,-83,123,95,97,110,98,45,28,-42,27,13,-52,47,54,35,81,-25,-24,81,;0;4096",pool-14-thread-1,java.io.FileInputStream.read(Native Method)
1759427519361,java.io.FileInputStream,read,"-84,27,55,49,45,-84,-93,-68,93,-99,67,95,4,81,60,-25,112,123,-90,127,77,-10,89,83,-2,0,-87,39,68,55,-7,98,122,-108,61,-57,-76,-85,124,-12,87,-85,-56,-59,79,-112,-6,110,26,-32,-31,65,71,-93,90,-106,40,70,-53,1,-113,-13,-59,55,-97,-33,-64,103,-9,-38,-79,-127,31,83,103,118,-77,119,-93,0,101,28,-41,-33,;0;4",pool-14-thread-1,java.io.FileInputStream.read(Native Method)
1759427519379,java.io.FileInputStream,read,"54,8,83,16,45,-84,-93,-68,93,-99,67,95,4,81,60,-25,112,123,-90,127,77,-10,89,83,-2,0,-87,39,68,55,-7,98,122,-108,61,-57,-76,-85,124,-12,87,-85,-56,-59,79,-112,-6,110,26,-32,-31,65,71,-93,90,-106,40,70,-53,1,-113,-13,-59,55,-97,-33,-64,103,-9,-38,-79,-127,31,83,103,118,-77,119,-93,0,101,28,-41,-33,-2;0;8",pool-14-thread-1,java.io.FileInputStream.read(Native Method)
1759427519396,java.io.FileInputStream,read,"0,0,-128,0,73,68,65,84,93,-99,67,95,4,81,60,-25,112,123,-90,127,77,-10,89,83,-2,0,-87,39,68,55,-7,98,122,-108,61,-57,-76,-85,124,-12,87,-85,-56,-59,79,-112,-6,110,26,-32,-31,65,71,-93,90,-106,40,70,-53,1,-113,-13,-59,55,-97,-33,-64,103,-9,-38,-79,-127,31,83,103,118,-77,119,-93,0,101,28,-41,-33,-23,8;0;4096",pool-14-thread-1,java.io.FileInputStream.read(Native Method)
1759427519414,java.io.FileInputStream,read,"46,119,86,-85,-108,74,-10,59,14,-95,-33,-110,18,110,-100,96,91,97,97,7,-82,9,-17,97,95,-61,117,-125,65,62,84,-49,8,-118,-67,-17,54,-59,-125,110,-58,36,40,-62,-47,-46,40,33,4,-104,61,22,74,73,-13,0,37,79,-38,36,64,-87,29,-66,31,62,-121,127,-61,-117,34,127,77,7,74,27,-66,119,4,70,29,61,37,106,-66,41,-;0;4096",pool-14-thread-1,java.io.FileInputStream.read(Native Method)
1759427519432,java.io.FileInputStream,read,"53,-14,19,-43,-2,111,22,54,98,100,105,57,-26,28,125,16,84,-56,73,102,-57,-77,-18,-17,-4,-122,4,64,-98,-116,-65,-102,-42,65,-63,66,-32,14,-39,46,74,48,-28,-93,44,-83,7,17,59,127,36,7,89,84,127,-29,-100,52,-49,-7,-87,-98,-121,-67,63,-107,114,-29,105,-13,27,-18,-104,-9,-125,-95,-96,2,103,116,-70,-67,-8;0;4096",pool-14-thread-1,java.io.FileInputStream.read(Native Method)
1759427519450,java.io.FileInputStream,read,"40,47,-84,36,-101,41,-5,66,-92,85,-102,7,-6,20,-45,-56,-92,-90,-75,51,-3,107,-2,-43,-53,62,32,11,0,-66,80,54,-51,-109,-86,-26,105,-90,21,-99,65,65,-32,60,95,-12,-33,72,122,27,-97,117,0,37,67,-110,-123,-29,65,-24,-100,-3,16,-112,43,98,-92,4,-32,4,97,-71,34,-47,47,85,77,44,-117,-114,-119,-28,-114,-22,;0;4096",pool-14-thread-1,java.io.FileInputStream.read(Native Method)
1759427519469,java.io.FileInputStream,read,"9,0,-121,96,-86,62,80,-128,-46,90,-36,-9,-49,-91,29,-82,7,47,54,91,43,74,-15,-16,-38,-125,-22,45,-102,37,22,-16,59,84,58,-5,102,9,-78,-110,70,104,56,112,-79,-92,28,-110,124,20,-108,71,-45,-7,48,13,-107,45,-65,67,-124,18,-67,119,-92,-4,-39,-3,95,109,-17,-10,0,74,-85,-66,39,-97,79,-80,-87,26,6,58,23,6;0;4096",pool-14-thread-1,java.io.FileInputStream.read(Native Method)
1759427519487,java.io.FileInputStream,read,"34,-71,26,-66,-91,-67,84,-48,60,-119,68,-48,113,63,21,69,65,41,47,-113,55,40,-1,-91,124,-8,-68,-6,-85,23,-128,-112,21,74,-113,31,85,-109,-121,-121,91,73,127,-9,-9,18,-26,86,-93,17,-33,-107,-123,-55,50,54,-36,-100,-63,-96,-84,109,-52,-67,33,-94,-31,71,10,4,-81,-77,-121,-57,41,-63,34,-128,10,-12,-55,-;0;4096",pool-14-thread-1,java.io.FileInputStream.read(Native Method)
1759427519504,java.io.FileInputStream,read,"-128,-94,118,97,82,-5,74,-46,91,43,86,-100,63,23,-96,112,-25,-125,5,70,-82,-119,70,73,-32,-96,39,-63,-8,105,-13,-74,71,38,116,-36,52,81,-108,-79,56,117,86,18,-76,43,-1,42,37,69,-93,-67,-1,-111,60,-101,125,-3,-126,84,-49,10,2,110,-13,127,-46,84,-113,27,-93,-10,127,-72,27,-34,78,69,78,30,58,112,-62,-2;0;4096",pool-14-thread-1,java.io.FileInputStream.read(Native Method)
1759427519521,java.io.FileInputStream,read,"77,-79,-81,-114,51,-38,79,31,31,36,-93,-67,-33,76,-114,-69,127,-75,2,0,89,37,-110,-14,-115,-28,-80,-21,43,123,54,62,-97,-52,-58,-102,-102,58,61,29,75,25,-78,-67,81,-84,46,98,-88,86,-70,111,-98,30,4,18,45,118,-67,48,88,-42,33,72,51,49,-93,-5,0,-112,-126,-24,2,-113,-125,73,78,-57,-86,124,-106,-8,-65,5;0;4096",pool-14-thread-1,java.io.FileInputStream.read(Native Method)
1759427519539,java.io.FileInputStream,read,"-4,-13,105,-105,127,31,-40,12,-111,88,87,55,-18,89,105,-88,25,-114,18,8,-41,2,105,92,-87,-66,-119,-107,-70,87,-94,82,119,68,-116,-58,19,124,13,73,-42,-112,-21,-45,1,74,-27,8,0,-27,63,-95,-76,61,-34,-101,-93,-72,-27,104,60,-22,-7,30,85,94,102,-101,7,39,-54,-122,-124,91,-75,-66,-119,32,32,100,-8,-99,-;0;4",pool-14-thread-1,java.io.FileInputStream.read(Native Method)
1759427519556,java.io.FileInputStream,read,"10,24,40,-23,127,31,-40,12,-111,88,87,55,-18,89,105,-88,25,-114,18,8,-41,2,105,92,-87,-66,-119,-107,-70,87,-94,82,119,68,-116,-58,19,124,13,73,-42,-112,-21,-45,1,74,-27,8,0,-27,63,-95,-76,61,-34,-101,-93,-72,-27,104,60,-22,-7,30,85,94,102,-101,7,39,-54,-122,-124,91,-75,-66,-119,32,32,100,-8,-99,-18,;0;8",pool-14-thread-1,java.io.FileInputStream.read(Native Method)
1759427519574,java.io.FileInputStream,read,"0,0,-128,0,73,68,65,84,-111,88,87,55,-18,89,105,-88,25,-114,18,8,-41,2,105,92,-87,-66,-119,-107,-70,87,-94,82,119,68,-116,-58,19,124,13,73,-42,-112,-21,-45,1,74,-27,8,0,-27,63,-95,-76,61,-34,-101,-93,-72,-27,104,60,-22,-7,30,85,94,102,-101,7,39,-54,-122,-124,91,-75,-66,-119,32,32,100,-8,-99,-18,120,;0;4096",pool-14-thread-1,java.io.FileInputStream.read(Native Method)
1759427519592,java.io.FileInputStream,read,"-96,80,-77,116,80,34,-59,87,-97,55,-39,-125,1,19,59,29,18,-67,39,36,-54,-59,-77,-58,17,-118,-70,-123,61,45,-46,-45,70,-66,55,75,-50,-30,-115,58,-35,-77,-8,83,-38,111,-67,48,5,-16,-104,-26,127,-122,-127,-52,-96,124,7,-7,11,90,52,-50,85,-96,-56,-51,-67,60,85,52,-91,-22,-89,-15,72,102,-83,116,80,105,8,;0;4096",pool-14-thread-1,java.io.FileInputStream.read(Native Method)
1759427519611,java.io.FileInputStream,read,"121,35,-30,-84,64,-43,26,-4,49,73,-9,-76,-102,78,108,-55,-106,-56,-24,52,-51,23,-7,121,94,65,-3,121,48,-49,113,4,-105,17,15,-91,-52,-126,-104,43,83,-51,-59,122,61,106,-8,-70,-34,85,-5,-6,-36,-113,105,127,-29,-101,8,-96,-56,-126,14,79,-75,101,74,-22,-76,16,87,-47,-120,-80,121,-36,-32,-86,-51,-115,-82;0;4096",pool-14-thread-1,java.io.FileInputStream.read(Native Method)
1759427519628,java.io.FileInputStream,read,"-14,-74,21,-122,-42,-107,57,-59,112,-31,-58,103,-23,-49,75,121,-1,-118,2,44,-34,23,76,14,68,-2,125,-86,60,125,-13,-29,16,108,-15,-26,102,-56,-106,58,103,14,46,69,-119,123,75,-127,60,-86,-85,98,124,78,85,-76,88,103,8,92,-114,-23,-8,28,105,-32,70,20,-97,69,28,81,-46,7,90,-15,121,-107,-101,40,58,-114,-;0;4096",pool-14-thread-1,java.io.FileInputStream.read(Native Method)
1759427519648,java.io.FileInputStream,read,"-28,103,33,-13,-118,86,20,-94,-48,13,110,34,-102,82,-10,93,30,127,-97,34,32,17,69,122,36,-126,2,-48,82,-16,46,105,-99,32,40,49,43,32,51,46,-102,-127,-5,-126,-120,-101,-114,-86,-51,115,-76,77,-120,-82,126,10,-128,-47,-49,89,-50,119,102,72,81,28,-41,44,-49,122,82,85,-49,121,-118,-94,112,119,96,6,35,-1;0;4096",pool-14-thread-1,java.io.FileInputStream.read(Native Method)
1759427519666,java.io.FileInputStream,read,"-65,78,103,45,124,-90,-62,-70,-121,39,115,-100,-29,-90,-93,-64,107,16,44,-59,-18,-117,-28,59,-53,-59,11,-22,-98,93,-96,110,43,67,-19,-38,69,5,100,110,-91,90,-10,62,-22,55,46,82,-77,-4,34,-9,79,66,-98,-34,31,-59,-41,81,11,40,-62,-30,-112,127,-33,104,125,66,-115,-52,-75,-54,-37,-68,-103,104,-13,27,-12;0;4096",pool-14-thread-1,java.io.FileInputStream.read(Native Method)
1759427519683,java.io.FileInputStream,read,"-106,66,-24,-106,-2,66,91,-35,47,-87,-21,-66,-64,99,30,-128,6,-128,95,-49,-127,-17,114,-70,-87,-103,-1,11,59,0,-110,102,66,-41,110,112,108,122,-63,-69,52,104,125,73,-101,-3,53,-27,8,-4,93,-51,-113,-17,50,-15,-8,-78,2,40,-30,-119,11,17,-47,53,-7,120,-47,-87,104,53,14,-89,-97,81,-79,-86,-125,-60,-29,6;0;4096",pool-14-thread-1,java.io.FileInputStream.read(Native Method)
1759427519702,java.io.FileInputStream,read,"21,72,22,44,-116,108,1,-98,-55,-76,14,10,-2,-90,-1,-62,34,-114,-9,-79,-75,-125,52,126,-76,-128,-79,10,80,-12,-39,78,-1,94,-15,113,85,101,35,6,111,-120,127,-19,85,-7,-41,52,-113,-100,118,5,2,41,-75,0,-49,48,22,113,-122,-124,0,121,42,68,23,-10,-118,-38,-44,20,76,79,20,-80,-37,-22,121,-58,125,-32,61,-6;0;4096",pool-14-thread-1,java.io.FileInputStream.read(Native Method)
1759427519720,java.io.FileInputStream,read,"90,42,-103,-3,-26,-70,-97,-14,-122,-96,-44,-71,46,-27,-59,-23,42,30,-66,-25,-18,118,-110,27,-6,89,101,-101,-124,-86,-106,1,24,-108,-110,41,9,-81,42,-54,-9,118,-30,102,-27,-104,93,68,114,42,-46,96,55,38,28,106,1,-59,84,86,49,84,71,47,-105,-26,18,-27,0,-118,-55,-125,-32,-33,117,-16,-77,57,-96,104,14,-;0;4",pool-14-thread-1,java.io.FileInputStream.read(Native Method)
1759427519737,java.io.FileInputStream,read,"125,95,125,44,-26,-70,-97,-14,-122,-96,-44,-71,46,-27,-59,-23,42,30,-66,-25,-18,118,-110,27,-6,89,101,-101,-124,-86,-106,1,24,-108,-110,41,9,-81,42,-54,-9,118,-30,102,-27,-104,93,68,114,42,-46,96,55,38,28,106,1,-59,84,86,49,84,71,47,-105,-26,18,-27,0,-118,-55,-125,-32,-33,117,-16,-77,57,-96,104,14,-;0;8",pool-14-thread-1,java.io.FileInputStream.read(Native Method)
1759427519755,java.io.FileInputStream,read,"0,0,81,-16,73,68,65,84,-122,-96,-44,-71,46,-27,-59,-23,42,30,-66,-25,-18,118,-110,27,-6,89,101,-101,-124,-86,-106,1,24,-108,-110,41,9,-81,42,-54,-9,118,-30,102,-27,-104,93,68,114,42,-46,96,55,38,28,106,1,-59,84,86,49,84,71,47,-105,-26,18,-27,0,-118,-55,-125,-32,-33,117,-16,-77,57,-96,104,14,-54,-2,8;0;4096",pool-14-thread-1,java.io.FileInputStream.read(Native Method)
1759427519773,java.io.FileInputStream,read,"115,101,61,40,-23,69,106,41,-96,-104,60,-121,-53,-53,-57,1,10,-44,29,-81,-81,-26,-91,-31,4,-26,-17,-12,-111,-125,-96,-118,-117,-86,-86,-120,-1,99,-95,-61,-92,-63,-118,16,-20,-108,49,120,49,1,-31,58,96,34,-63,-65,-2,-117,-69,88,-88,-61,114,34,-90,7,-59,2,74,38,25,-47,1,74,-89,32,46,-1,-12,-26,118,-10;0;4096",pool-14-thread-1,java.io.FileInputStream.read(Native Method)
1759427519790,java.io.FileInputStream,read,"-116,58,-97,15,-52,100,81,51,-128,50,-80,3,75,27,101,-23,-18,-49,-65,102,-20,2,44,-18,99,-87,2,72,87,-15,-24,-60,-34,101,102,125,-78,-125,-93,-69,87,-85,4,-106,3,-118,15,80,-67,86,109,-21,-51,-11,-106,94,47,-56,-44,55,-114,51,-9,80,38,-102,-12,-9,-42,106,-126,-73,27,-45,78,-58,117,41,-127,-76,19,-10;0;4096",pool-14-thread-1,java.io.FileInputStream.read(Native Method)
1759427519808,java.io.FileInputStream,read,"47,-13,-96,100,-49,-65,-99,-37,-27,-70,0,80,86,84,-15,-28,85,-127,0,80,88,-66,-113,-115,-109,-33,-52,18,-49,-89,-1,-14,-127,67,55,77,23,-26,-103,112,97,58,-126,-66,5,-108,54,126,94,21,-17,-94,120,-14,38,103,114,-49,33,-16,54,17,59,-107,-124,126,-4,59,49,-34,69,120,25,71,-26,95,-36,107,-4,-101,-50,61;0;4096",pool-14-thread-1,java.io.FileInputStream.read(Native Method)
1759427519825,java.io.FileInputStream,read,"30,80,80,17,-127,-46,-91,23,-113,-55,-114,1,-27,-68,-78,36,-10,-73,-59,-127,98,0,-123,2,64,14,42,-6,118,-32,8,-96,-28,-28,-96,-64,109,76,64,-71,-69,15,61,40,-38,-11,120,106,62,-117,-128,-78,60,-60,3,64,-47,-14,-72,-119,-72,4,-43,-90,-42,52,-4,-32,12,-18,125,46,34,78,-45,-62,-27,-50,104,-93,-70,85,-1;0;4096",pool-14-thread-1,java.io.FileInputStream.read(Native Method)
1759427519843,java.io.FileInputStream,read,"53,-102,76,16,50,116,11,51,55,77,122,-83,-22,-71,-128,-62,-21,-83,99,107,57,-108,-91,55,76,-49,105,56,22,122,93,56,-26,67,-3,19,94,-121,122,48,-41,33,79,77,-95,-19,-52,-50,-85,-23,68,119,-118,111,98,109,-39,-27,-70,86,-58,-5,31,-124,120,-24,65,-103,-4,-12,79,-57,-128,-108,-34,39,63,105,33,-91,-14,-2;0;500",pool-14-thread-1,java.io.FileInputStream.read(Native Method)
1759427519862,java.io.FileInputStream,read,"122,-35,76,36,-97,100,43,99,106,23,59,46,-114,-121,19,-128,-110,-101,-13,-122,124,18,122,-95,-72,79,52,4,20,-19,-34,90,-103,9,-34,22,80,-70,126,79,109,-36,-122,114,108,81,-91,10,-62,-87,-18,11,-60,-124,59,-100,15,87,65,9,43,7,-18,105,0,-120,121,-113,-78,3,-74,108,70,-90,89,99,8,40,121,-18,87,83,-15,;0;8",pool-14-thread-1,java.io.FileInputStream.read(Native Method)
1759427519879,java.io.FileInputStream,read,"0,0,0,0,73,69,78,68,106,23,59,46,-114,-121,19,-128,-110,-101,-13,-122,124,18,122,-95,-72,79,52,4,20,-19,-34,90,-103,9,-34,22,80,-70,126,79,109,-36,-122,114,108,81,-91,10,-62,-87,-18,11,-60,-124,59,-100,15,87,65,9,43,7,-18,105,0,-120,121,-113,-78,3,-74,108,70,-90,89,99,8,40,121,-18,87,83,-15,26,22,-4;0;4",pool-14-thread-1,java.io.FileInputStream.read(Native Method)
